Depth (m),Interpolated Impedance,Interpolated Amplitude,Interpolated Frequency
0.0,1.3107461432759333,1.3935324656531067,-0.1100012816324979
3.003003003003003,0.9759375493767007,1.5233867423251992,-0.1721924581712471
6.006006006006006,1.047792904821389,1.3303822906565324,0.02347762270384008
9.00900900900901,0.9394648858735368,1.0185657972451494,-0.10238946557386042
12.012012012012011,0.9255929421283732,1.1470681787238808,-0.12100899093409159
15.015015015015011,0.8655079485245408,1.323001097120734,-0.03841688097284431
18.01801801801802,1.183078498072721,1.4260540906904247,-0.14088670725686944
21.02102102102102,1.1381697371842527,0.8378035645831284,-0.019865847492936423
24.024024024024023,0.8293624425783827,1.1408709155239618,-0.20922840908821824
27.027027027027025,1.1209233900609343,1.2576769149867415,-0.06667234432643951
30.030030030030023,1.1911022049335918,1.2685988104602306,-0.029407241022526977
33.03303303303303,1.3807193684631862,1.4805755876950215,-0.0706377521733499
36.03603603603604,1.2291599122354688,1.3985948134560597,-0.024452297750349093
39.03903903903904,1.088475284322734,1.1253760932718844,-0.08906257993640697
42.04204204204204,0.9908903703718306,1.2188806862172505,0.039400223170143814
45.04504504504504,1.1985170166424814,1.2054661822971746,-0.1364602897132005
48.048048048048045,1.289742980475741,1.0343948919944883,0.001996725502195215
51.05105105105105,1.2214177095047236,0.9644506664468853,0.019898603153452037
54.05405405405405,1.0736304221126414,1.2837103251387025,0.12781146948984648
57.05705705705705,1.1234622963104661,1.4384125269885513,-0.06574560644964055
60.06006006006005,0.8220450540727882,1.2745084606486938,0.009268620874084185
63.06306306306306,1.1183958443420408,1.1068039590807313,0.034031007642529074
66.06606606606606,1.2438927491044887,1.2232121620066434,0.10983798450158824
69.06906906906906,1.004629670241736,1.3500394392464625,0.06243327931484701
72.07207207207207,1.02668227182056,1.093610982940913,0.12061055540559201
75.07507507507508,1.192046567801727,1.0436608603635291,0.1871347569123956
78.07807807807808,0.9911545566925807,1.1462491814817142,0.07429897137453571
81.08108108108108,1.2426061212815924,0.9026104918344184,0.24654212133225314
84.08408408408408,1.0309492187707812,1.1328277893072527,0.1374142848613237
87.08708708708708,1.1308526927877234,1.0599480885197874,0.29529009660257294
90.09009009009009,0.8946852514563514,1.3138232380984907,0.13412012066317916
93.09309309309307,1.0294417324594778,1.085803665803394,0.02284952527389786
96.09609609609608,1.2055430122531645,1.0822290595580066,0.140732827930828
99.09909909909908,0.7151009643712475,0.970101474349834,0.26462010025422494
102.1021021021021,1.1437750652420904,1.1778702157152505,0.24524154039846152
105.1051051051051,0.5720994362231575,1.0049092621123021,0.3377105198728271
108.1081081081081,0.8733725572830071,0.9993680963850818,0.3006857765463288
111.1111111111111,0.9833384013346672,1.0492334223330455,0.339726094292921
114.1141141141141,0.7774620140489585,1.391921589716726,0.2676798967792973
117.1171171171171,0.9053119262139677,1.0270480814530103,0.36310361653798484
120.1201201201201,1.0481900911066857,1.165679671291634,0.1469915754683534
123.12312312312312,0.880323227875913,1.1033578828431563,0.35542484794787294
126.12612612612612,0.507116595639137,0.7751499965716421,0.27586233598107895
129.12912912912913,0.9361902471810313,1.1121757357773154,0.44092919255325036
132.1321321321321,0.9588587879266525,1.2672387322134242,0.3376963468582808
135.13513513513513,0.799650521081115,1.1597784373977729,0.3747630152842562
138.13813813813812,0.7633020496448288,1.006298375997234,0.20197930309771228
141.14114114114113,0.7599283420306303,1.3443356714548453,0.41784470280827046
144.14414414414415,0.47820624571566805,1.0655212709150803,0.40182029557589727
147.14714714714714,0.6604117802779448,1.1491419249126729,0.3407651863870434
150.15015015015015,0.9789437979578123,1.1762165996746896,0.2726945709228136
153.15315315315314,0.8615212257426975,0.9647297498896193,0.331206617510316
156.15615615615616,0.7875179370425216,0.7154615637745266,0.4863464124959858
159.15915915915917,0.5910840742900908,1.2200634633882304,0.3692720959310425
162.16216216216216,0.5912251364055574,0.9765401540534118,0.47433724336384286
165.16516516516515,0.723729277879855,1.035649628946053,0.4390874417282035
168.16816816816817,0.6282509202669445,1.0074731750448076,0.34385653123513227
171.17117117117115,0.599666810649893,1.4447219164488083,0.4233026323001659
174.17417417417417,0.4905157541064007,0.999336107310591,0.49143555792211546
177.17717717717716,0.6383710964844223,1.083552885609014,0.6229564531450716
180.18018018018017,0.42739611112473175,1.1116180580672022,0.4691303119492654
183.1831831831832,0.4849421705295562,0.93934714886953,0.4973161427054236
186.18618618618612,0.6409306848076434,0.9807294122371971,0.6006198666069233
189.1891891891892,0.1855316916820198,0.821614450235089,0.517825298698894
192.19219219219212,0.5337235862380828,1.0440777542667892,0.5720474256715868
195.1951951951952,0.2770125448290826,0.8623776731239032,0.5801861132464754
198.19819819819816,0.01720925789614961,1.0765893425790736,0.7162643629774493
201.2012012012012,0.2130166201204846,1.090439046329392,0.6208528695911811
204.2042042042042,0.2039239654298073,0.9651873613755272,0.5196470285395183
207.2072072072072,0.5165806473814847,0.8752964924974009,0.5661894462189042
210.2102102102102,0.5045674060580294,0.7959553453405891,0.5998523658755675
213.2132132132132,0.6818449820601405,0.7673976714959914,0.7544116386750543
216.2162162162162,0.23930800158190824,1.0230817912376082,0.6186945202808353
219.2192192192192,0.23163353647149623,1.219454688703212,0.8145074430678123
222.2222222222222,0.23992153525768803,0.9065243562569204,0.6301605909853903
225.2252252252252,0.49066285773603757,1.1172555194966263,0.7072631809406581
228.2282282282282,0.3290327907436642,1.0645299278718758,0.6316288184647343
231.2312312312312,0.202457598835449,0.8253708106473379,0.5947115696676553
234.2342342342342,0.03951575770239821,0.8661449761064193,0.6325205227511067
237.2372372372372,0.46870170900471686,1.1395800157609282,0.7994922161287737
240.2402402402402,-0.12984034748633333,0.691952075768509,0.7420625871177616
243.24324324324323,0.06954538306682274,0.6693972901740891,0.6751568627034839
246.24624624624624,0.057614991088607244,0.8228221373344325,0.7503019935492463
249.24924924924923,0.16528036503749927,0.7475703325336203,0.6628733523728109
252.25225225225225,-0.17186259972879353,0.5186734188255085,0.620580080829901
255.25525525525524,0.22855657390882184,0.6831115963309319,0.7961248952516654
258.25825825825825,-0.0318435366067738,0.6958256849137646,0.7836435023356723
261.26126126126127,-0.19081737439258714,0.3797964051103539,0.8576387947424895
264.2642642642642,-0.17088165902037264,0.8707144866631978,0.8151063588976233
267.26726726726724,-0.09267994770689279,0.6327619933193264,0.9046331410566367
270.27027027027026,-0.2022094348851253,0.9429056552099044,0.6927326707349564
273.2732732732733,0.003938296269680212,0.5960351592435484,0.752994194482852
276.27627627627623,-0.31492269832924874,0.6424556108683901,0.8190749684682418
279.27927927927925,-0.11825622792878819,0.9267592365312671,0.8591379947919081
282.28228228228227,0.10328020876842772,0.8217723027980641,0.68277857773035
285.2852852852853,-0.18847840417966136,0.7174863467011512,0.9389805307238467
288.2882882882883,-0.10409975301433304,0.4570848349775079,0.9055508242792089
291.29129129129126,-0.15058635798922146,0.5343225697196415,0.8290062344569543
294.2942942942943,-0.6138639939278439,0.8743510089727112,0.8474493557568689
297.2972972972973,-0.14649525006060538,0.6229624355765289,0.7760786296764162
300.3003003003003,-0.38996587513778685,0.4327718899989168,0.9517070880461566
303.30330330330327,-0.26225741010173653,0.7275933243090998,0.8715696141620944
306.3063063063063,-0.2474869327611134,0.5641067233213621,0.8290655689999362
309.3093093093093,-0.3763839842060331,0.5343013045242603,0.9424257420197685
312.3123123123123,-0.44561024891005385,0.8030659348944943,0.7833567165520638
315.3153153153153,-0.7104261570563332,0.6703150874441255,0.9272845876786331
318.3183183183183,-0.404288712207972,0.5682078416185649,0.9288309934021823
321.3213213213213,-0.5467476404980366,0.5167265637430073,0.9895631753609327
324.3243243243243,-0.5139207241963945,0.5561187592238508,0.940672752260501
327.3273273273273,-0.46006086228891513,0.6838538618935632,0.9111967807106581
330.3303303303303,-0.8247112961625845,0.5094587500490634,0.9379232883777453
333.3333333333333,-0.5166205463374445,0.6166213875616842,1.0453660595740422
336.3363363363364,-0.48209530663671574,0.6337773009753701,0.9501118424611446
339.33933933933935,-0.7932895410107024,0.5681610141530303,0.9879443986620159
342.3423423423423,-1.0412418064971936,0.32288889634944773,0.7657657285307136
345.3453453453453,-0.45456134248917673,0.5440704996070059,0.9922554302322231
348.34834834834834,-0.7128899943166935,0.7405938353598167,1.0282138441962099
351.3513513513513,-0.7706248968471152,0.7813569116813199,0.9183719729714431
354.3543543543543,-0.8771915040917069,0.233273311331647,1.0130799579246712
357.35735735735733,-1.0065165199085138,0.35704391658492785,0.9800135947757392
360.3603603603604,-1.0421492982955507,0.43515485620293975,0.9117474990596106
363.36336336336336,-0.946347670102488,0.3058398702024213,0.9652551019162365
366.3663663663663,-0.9864519857520218,0.4760974486716296,1.2083882307901674
369.3693693693693,-1.0838912396078941,0.687145795766651,0.9736201619653003
372.3723723723724,-1.2010752583936555,0.4462521579586542,0.9493859915811423
375.37537537537537,-1.0639529285521612,0.8797628643817059,1.0510909704321652
378.37837837837833,-1.3023677634791067,0.30832226776371374,0.9553836749540044
381.38138138138135,-1.4098063146808222,0.11194610770143475,1.1087191647989771
384.3843843843844,-1.4085055736589445,0.42170717043496053,1.1127925573579445
387.3873873873874,-1.4754662120291429,0.4013670024675863,1.033959918777717
390.3903903903904,-1.149647381495412,-0.04402270510490423,1.0263957338594016
393.39339339339335,-1.397485126987322,0.27838416572584185,1.1277800450469442
396.3963963963964,-1.185128838401452,0.09691163580718419,1.1186843498439423
399.3993993993994,-1.2782481493128155,0.2631164027975056,1.0941365826471596
402.4024024024024,-1.0926577690754142,0.2639069426910001,1.0691595487294017
405.40540540540536,-1.284869126571238,0.4134666620450651,1.083941594361632
408.4084084084084,-1.308474018320767,0.024830390076821172,0.9812926038272327
411.4114114114114,-1.5516677619574306,0.19837973965516462,1.1860886670365056
414.4144144144144,-1.778896802772037,0.34741735716763006,1.2653454558891368
417.41741741741737,-1.4244166168544936,0.10023611868301795,1.0920948912338118
420.4204204204204,-1.3712231836032198,0.4172838607645954,1.0900379199510037
423.4234234234234,-1.6538058687928479,0.24700971363210114,1.0964412129394332
426.4264264264264,-1.7030385316879533,-0.22444011507321598,1.202659394989828
429.4294294294294,-1.7145618204208486,0.40829980978552644,1.2378407922233874
432.4324324324324,-1.79546110442203,-0.06024272429594695,1.1401364534341867
435.4354354354354,-1.5272470141707613,0.283664462197289,1.0632417680613728
438.4384384384384,-1.7693420080545526,0.027591173057603766,1.1924711444543818
441.44144144144144,-1.6562187689105112,-0.06822864736923819,1.1556016646193468
444.4444444444444,-1.7556950937950393,-0.04992895302555314,1.1535846317678118
447.4474474474474,-1.9811866743739404,-0.10621366137206538,1.1861604289553154
450.4504504504504,-1.5687516145499167,0.10580237451382687,1.2815221371732217
453.4534534534535,-1.9366099101201923,0.1632897218716829,1.2060532207152599
456.4564564564564,-2.060756662701726,0.058960236567465886,1.1643708364445196
459.4594594594594,-1.7400803443659436,-0.06653921078463917,1.1985721225009554
462.4624624624624,-1.8928493025181972,-0.2217036867583721,1.203939292721682
465.4654654654655,-2.0862368233312467,0.0288732948549608,1.175182170167538
468.4684684684684,-2.2228148758802093,-0.20740971463993338,1.201460350593277
471.4714714714714,-2.3246512885001036,-0.006527902738643082,1.2723474128612928
474.4744744744745,-2.213937775658656,-0.25285596914556624,1.2500231679768128
477.4774774774775,-1.958222282419458,-0.23672998210946006,1.3364047700335815
480.4804804804804,-2.137048508802835,-0.21591780456541898,1.1701340479732312
483.4834834834834,-1.7994812190800946,-0.0015558548503384084,1.1532612659139758
486.48648648648646,-1.998534421366351,-0.15837879013696407,1.2138163628764418
489.4894894894895,-1.7638777259502652,0.02162564368602248,1.1865468383101152
492.4924924924925,-2.0007489257706497,-0.4536808615151999,1.396599301568996
495.49549549549545,-1.8108415317664022,-0.2290407806692592,1.1819132445320115
498.49849849849846,-1.7872914315151873,-0.1820115743336874,1.1241824778808756
501.5015015015015,-1.794219140337158,-0.43305369786397974,1.3720573107199825
504.5045045045045,-1.7396005765740687,-0.30246497847025966,1.1949936696359613
507.50750750750746,-1.7853160608198595,-0.7480865790965721,1.3657381722224085
510.51051051051047,-1.700326179393812,-0.3419729183302232,1.3387689791768778
513.5135135135134,-1.347896353604462,-0.26214468946488356,1.2142095950498817
516.5165165165165,-1.5741293912076924,-0.48385902627055466,1.1603654962925323
519.5195195195195,-1.3572422933922295,-0.44573027869528997,1.281526982316366
522.5225225225225,-1.3206760302354923,-0.3230166907370258,1.2533553747390265
525.5255255255255,-1.425786984082855,-0.09818797626146289,1.2641313226164683
528.5285285285285,-1.288469724270315,-0.309499500613752,1.2572776290486554
531.5315315315315,-1.375857970227709,-0.5068263721498405,1.2283143791398856
534.5345345345345,-1.416559060015198,-0.12301808261281053,1.2130476547186604
537.5375375375376,-1.430338699055964,-0.4788513069410151,1.2894375661422008
540.5405405405405,-1.4655274545535324,-0.34959932133880617,1.400766165268166
543.5435435435435,-1.4645590895895746,-0.5225896350700387,1.3838686390213326
546.5465465465466,-0.9886298528713574,-0.5776396481573797,1.3096562708583799
549.5495495495495,-1.2649868912878488,-0.6091916441540692,1.3499455332216785
552.5525525525525,-1.2261587745234652,-0.5010515810053977,1.3541494496361195
555.5555555555555,-1.0542958578939858,-0.9766052866280364,1.388010248347592
558.5585585585585,-1.6320093128586226,-0.6589055160684183,1.2279559259365624
561.5615615615616,-1.0878827626509087,-0.3992935185612183,1.3342079495334962
564.5645645645645,-1.07119626862222,-0.8115453493506974,1.254646709207324
567.5675675675675,-1.066333570040731,-0.9521923135335428,1.3424200359902023
570.5705705705706,-1.145046053112848,-0.7718317212173983,1.3057856831486592
573.5735735735735,-1.0874476985708814,-0.7073671330488404,1.2887668080514227
576.5765765765766,-0.8189955967030307,-0.6336117964622078,1.201914392386456
579.5795795795796,-0.7353634097475023,-0.7868180461989758,1.2457929972065758
582.5825825825825,-0.8226203924554605,-0.9048174005259668,1.3172194971709434
585.5855855855856,-0.8738843673477433,-0.6710817154821758,1.2101548488073397
588.5885885885886,-0.8567174480270047,-0.6747530485870012,1.3011530578538175
591.5915915915915,-0.8783899477308522,-0.9734338690747601,1.4146364616532516
594.5945945945946,-0.9954573017176958,-0.8817763616936695,1.3875813340109966
597.5975975975975,-0.7362899844065176,-0.8472628695558714,1.3034575280973677
600.6006006006006,-0.8847359673925206,-0.7954889700108546,1.2700920833632912
603.6036036036036,-1.0108934753318919,-0.9473809472936915,1.4213955792014075
606.6066066066065,-0.7211585676212147,-0.7845793597534366,1.3275636492804963
609.6096096096096,-0.7455310241277849,-0.7362621380815842,1.3880989864683242
612.6126126126126,-0.6919980439104166,-0.5664665216344618,1.2724560640146085
615.6156156156155,-0.6627191638691301,-0.9306176836688065,1.302143282367532
618.6186186186186,-0.7927294566566406,-0.9271008633668869,1.3290336997547327
621.6216216216216,-0.6510715963022438,-1.043470149291662,1.3845782108274816
624.6246246246246,-0.6340923766137375,-0.7451887679485157,1.4126311183689193
627.6276276276276,-0.7684630423110885,-0.8847675400681309,1.4124781995125084
630.6306306306305,-0.42307199232708054,-1.0004375415868059,1.3190288133764319
633.6336336336336,-0.31804081961789743,-1.1674657112899698,1.2939389163561181
636.6366366366366,-0.45736587165901105,-1.1479332128393505,1.4121731284796322
639.6396396396397,-0.4333077484568726,-1.184824908827912,1.364072895809502
642.6426426426426,-0.38605137074747126,-1.1347982647177068,1.342387659562396
645.6456456456456,-0.3114070780583431,-1.290409641652632,1.3297290065301888
648.6486486486486,-0.5040791475787828,-1.0397444215702567,1.3769535637171144
651.6516516516516,-0.3038521438603006,-1.246931298055479,1.3099534923207963
654.6546546546546,-0.3437274247667774,-1.2955246561526317,1.3424745599139751
657.6576576576576,-0.41072920895803033,-1.1470252598600548,1.473291119028295
660.6606606606606,-0.24881107749721143,-1.1535300406386835,1.270513681108465
663.6636636636637,-0.3399574198755661,-1.358307660816406,1.375707882950987
666.6666666666666,-0.2298131352113084,-1.1296441512204414,1.352022441634546
669.6696696696696,-0.014531556248785557,-1.2832002512575755,1.374866611961436
672.6726726726727,0.15669354249490813,-1.4055019677604097,1.251731593696672
675.6756756756756,-0.16970749954038028,-1.5328896834302606,1.2306271229203247
678.6786786786787,-0.26358141062744256,-1.4334618338854017,1.4114979107563768
681.6816816816817,0.14733792624101177,-1.3770373994207896,1.2143149104017568
684.6846846846846,-0.18200740883781547,-1.68093985852638,1.3339756634858937
687.6876876876877,0.06174199501190344,-1.0380060690013913,1.3087583377779621
690.6906906906906,0.04341412256162626,-1.2876527171051646,1.3145729495627014
693.6936936936936,0.08827308509992253,-1.333390462103368,1.3616485530003872
696.6966966966967,0.034238593783130676,-1.4748658141095228,1.4115088184756295
699.6996996996996,-0.10491390299399413,-1.4035829030555769,1.388026186604187
702.7027027027027,0.23949046995146636,-1.3223264576284053,1.2719626503857107
705.7057057057057,0.11463832528637113,-1.4353852685234596,1.2451148230141917
708.7087087087086,0.01731165940220336,-1.5840552499036324,1.3363408442691254
711.7117117117117,0.22130316671786898,-1.2488290931501715,1.2884958542345415
714.7147147147147,0.09630078903240619,-1.2550127097286132,1.2417755357468538
717.7177177177176,0.5979982139170529,-1.5561565566508773,1.2724768999754636
720.7207207207207,0.3486315531808249,-1.5903790700871738,1.2032478214151647
723.7237237237237,0.13781301150851283,-1.8435629686478225,1.2676810887047496
726.7267267267267,0.2800711323722296,-1.5127859719268306,1.2375598166016777
729.7297297297297,0.2192199837235118,-1.6663118994950217,1.3566339497609525
732.7327327327326,0.19920410690518375,-1.6238849420095476,1.1932049221769596
735.7357357357357,0.2234237246437274,-1.3861771222211896,1.28807732507924
738.7387387387387,0.33645233324642754,-1.735938174657949,1.401960538920834
741.7417417417417,0.45099552128937903,-1.9931993744005387,1.2181942106017298
744.7447447447447,0.41928515236975106,-1.6357746896431749,1.2813367660591044
747.7477477477477,0.3881476812441073,-1.8338213268472725,1.2291699884521576
750.7507507507507,0.5199374299250017,-1.8628235828497033,1.2367754820120105
753.7537537537537,0.6451398951883819,-1.8026073634313045,1.2062996201466512
756.7567567567567,0.4196679576820995,-1.870252685959268,1.2134716089865785
759.7597597597597,0.7375969603504666,-2.0557982794651926,1.2790088699929532
762.7627627627627,0.7745771207899895,-1.828193961226912,1.1374350318543989
765.7657657657658,0.4046915426080619,-2.078054895842344,1.2136712484184968
768.7687687687687,0.5937020407173396,-1.7531500212391598,1.259752760267464
771.7717717717717,0.5607465504460826,-1.808398277874224,1.140647172256319
774.7747747747748,0.6931582237526596,-1.898189278809953,1.332855115439669
777.7777777777777,0.8790526810793258,-1.7253477296739206,1.3204900938482649
780.7807807807808,0.7946048887457406,-1.7749379412862623,1.1278926689268625
783.7837837837837,0.5414040302312729,-2.2043206188758093,1.2624569436512014
786.7867867867867,0.770326413738501,-1.9063394519352366,1.3144733113735092
789.7897897897898,0.718269366165686,-1.9751281884171978,1.2332558191266563
792.7927927927927,1.0105736753984103,-1.9131537425745413,1.1880138314953665
795.7957957957957,0.7445138141825873,-1.9056457568808345,1.1347069735157433
798.7987987987988,0.6869783182778951,-2.0221969312654453,1.1574124178284975
801.8018018018017,0.7835594822878184,-1.839642258517078,1.1154514381782283
804.8048048048048,0.7652054940728767,-1.9669364810532175,1.1472403656693813
807.8078078078078,0.6013422579120486,-1.9921634540634807,1.1734887393176068
810.8108108108107,0.7076393072686576,-1.8245483530850746,1.2694933779907505
813.8138138138138,0.6848238960077537,-2.028783868434319,1.1955022925804073
816.8168168168168,0.6570954892750618,-2.026801802208088,1.2561291415880917
819.8198198198198,0.6515483683685384,-1.7855990096335668,1.2329778367717055
822.8228228228228,0.8776324006329306,-2.1246480808182127,1.1581291534745881
825.8258258258257,0.8753382966217365,-1.6650217174194528,1.2384825580361787
828.8288288288288,1.0877454850233301,-1.9686216932252165,1.2522190712971613
831.8318318318318,0.7387848472537972,-1.6279038996737387,1.140518753069639
834.8348348348347,0.802062852104448,-1.4981824662594516,0.9881325759393311
837.8378378378378,0.8285782752272903,-1.6811665394313247,1.1414912343893935
840.8408408408408,1.1789932298352952,-2.0330753021416736,1.1307507450416365
843.8438438438438,0.892973966287965,-1.7648824925682856,1.1043633996947597
846.8468468468468,1.1571549632760323,-1.4023271928893406,1.0442566943681746
849.8498498498498,0.5007547157630692,-1.7779258497711656,1.0460088971474806
852.8528528528528,0.8126373383621582,-1.8024326503910377,1.1021975369865828
855.8558558558558,1.3233734098814693,-1.4226937209059314,1.1041194661837868
858.8588588588588,0.8838742822918371,-1.8105672157100472,1.0796241959112736
861.8618618618618,1.1337135447782465,-1.5421642477420447,0.9773745427575063
864.8648648648648,0.8583769266776015,-1.5120659207688691,1.0874016865042448
867.8678678678679,0.7832254380117638,-1.778636474322164,1.1088834930671143
870.8708708708708,1.085042073677772,-1.3557245051525972,1.170727629167755
873.8738738738738,1.0474411215189348,-1.4548261328851588,1.0279635303252148
876.8768768768768,1.0440477235546126,-1.2641019122325714,1.04624513294772
879.8798798798798,1.3794650544890976,-1.2665709945051438,1.1330131712766156
882.8828828828829,0.9200181107448535,-1.4088888198841336,1.1468904268774422
885.8858858858858,1.0263731287250866,-1.3235092048721653,0.9856117230254308
888.8888888888888,1.2436203209961565,-1.2301311991745065,1.088753248497309
891.8918918918919,1.268490155918292,-1.1704651634197887,0.9178015875468539
894.8948948948948,0.9602777012323618,-1.1404828329898373,1.0491124736217592
897.8978978978978,1.1713047274601485,-1.137905864151361,0.9441806148051025
900.9009009009008,1.1053746062186398,-1.150391786621711,1.0113791623145525
903.9039039039038,0.8900705517346248,-1.2508589955956346,1.02323326010655
906.9069069069068,1.2201663083092154,-1.310114723332424,0.8289663682018807
909.90990990991,1.0471363379831302,-1.1349496375649417,0.9643151346773738
912.9129129129128,1.0377106090971189,-0.9474680242058976,0.9728646489488211
915.915915915916,1.0476352129309987,-1.2182329338345061,1.028085872629667
918.9189189189188,1.2028243340656237,-1.211253116197222,0.9887716473685927
921.921921921922,0.8004395684852065,-1.103551497233164,0.9609346933059453
924.9249249249248,1.1255196194058308,-1.321588414873281,1.0164428553740734
927.9279279279278,0.9957323727217757,-0.9541126594621532,0.9126395717999288
930.9309309309308,0.8808065465535009,-1.2905609372370141,0.9586107647206371
933.933933933934,1.0074995824467752,-1.135985389724161,0.8299787278677236
936.9369369369368,1.0662757425211524,-0.756543736037877,0.9318961587371846
939.93993993994,1.093981185170484,-1.1024013866760183,0.871257211987661
942.9429429429428,0.9249389658753914,-1.121862593610822,0.9863027340825973
945.945945945946,1.1272833150483133,-1.0390466887696554,0.8464038121688333
948.9489489489488,1.05312890957943,-1.0998760035458874,0.9330916349845028
951.951951951952,0.872703093144919,-1.1593322215463435,0.8985127120100745
954.9549549549548,1.0822036945626508,-1.0445160101722548,0.9561205165935934
957.957957957958,1.1322018772829054,-0.773521893897216,1.0291731789165
960.9609609609608,0.9196740811983873,-0.9454159367729065,0.9171366810980218
963.963963963964,1.2999962713584505,-0.8076684196344187,0.7445541485399134
966.9669669669668,1.3563182274174814,-0.9045238513312907,0.8571688329794512
969.96996996997,0.6943221185940902,-0.7539633250243429,0.8129631336992161
972.9729729729728,1.0630460958132364,-0.9160649916767489,0.9552043425790953
975.975975975976,0.8839681547840279,-0.8016873296512683,0.7819126842791904
978.978978978979,0.8383253639653518,-0.569350103072832,0.6912893520674803
981.981981981982,1.207227295071194,-0.9232004907280671,0.736474858194875
984.984984984985,1.0229626153176423,-0.811251199781045,0.7949616585797501
987.987987987988,0.9949988585833686,-0.7521971298054666,0.803760227172114
990.9909909909908,1.13189967160882,-0.6753080382563836,0.8176741051684255
993.993993993994,0.9968220483182013,-0.8558059894816146,0.7692959482706805
996.9969969969968,0.8025074339114842,-0.6381786342306411,0.7689780565421742
1000.0,0.9625580444841242,-0.6737419783562683,0.7864408832853249
1003.003003003003,1.231122792669175,-0.728058384424494,0.8417599195498979
1006.006006006006,1.0219156003619405,-0.9571852642534522,0.8392451978203552
1009.009009009009,1.1258682777402644,-0.39361531099480584,0.7829621812932064
1012.012012012012,0.9812018535942851,-0.6072439752299561,0.7193559785752416
1015.0150150150148,0.7416137274814422,-0.9096274925681607,0.6843068838158596
1018.018018018018,0.7720268975621808,-0.6548887065449952,0.7125873431569812
1021.0210210210208,1.081768678701823,-0.6314683771995684,0.7284556242164775
1024.024024024024,1.0571256283033625,-0.36856182893405737,0.6918013444677783
1027.0270270270269,1.2650445426296317,-0.29219235601243393,0.6475508501741719
1030.03003003003,1.1300679782181824,-0.3527790023626091,0.5737026115628432
1033.033033033033,0.9388485878530786,-0.7702407796529708,0.6811017695319688
1036.036036036036,1.1316355971555092,-0.7082118455354917,0.6479819063921264
1039.039039039039,0.5747203127134186,-0.13846093024381273,0.5200829514098096
1042.042042042042,0.7982734326840539,-0.3292184820560156,0.6236001140233429
1045.045045045045,0.8131082889277839,-0.49460492327765015,0.6723717661384863
1048.048048048048,0.532191741727442,-0.48381929664965667,0.4424899926153026
1051.051051051051,0.8984664934704004,-0.07856792353896476,0.509179355098238
1054.054054054054,0.6971523707904277,-0.2098883258976563,0.6165998236903791
1057.057057057057,0.8504649202584171,-0.3678626722647051,0.5900281901149108
1060.06006006006,0.9933677839295092,-0.38812908808947877,0.7049772944905084
1063.063063063063,0.6859646779596389,-0.33481864192404565,0.49841739908577126
1066.066066066066,0.7496296063835375,-0.13640702296219412,0.5688494232076998
1069.069069069069,0.9273901237120226,-0.24243135406714122,0.5288321555382196
1072.072072072072,0.6039992308908538,-0.5547321289061917,0.33276934086142523
1075.0750750750751,0.9953012618766021,-0.043728510909870816,0.41063701823873494
1078.078078078078,0.7695779789731656,-0.3208433014626687,0.5166400358132526
1081.081081081081,0.4962884034662003,0.032564407559262015,0.5047818677181688
1084.084084084084,0.6959482675517145,-0.10533344408740389,0.4129083541841673
1087.087087087087,0.9226277399119606,-0.4119295816138815,0.5107815740402728
1090.09009009009,0.557086150856373,-0.0574241297049152,0.48917944912686834
1093.093093093093,0.8409380110627808,0.0008148944761330279,0.32435534302120644
1096.096096096096,0.5784476982268366,-0.21947776680405787,0.4397125492154956
1099.099099099099,0.5120126230164255,0.13263626887625837,0.3907715581995817
1102.102102102102,0.6708461874058627,-0.2669061506983573,0.30879802151976693
1105.105105105105,0.8179046583047849,-0.3179796057136737,0.4933210931531676
1108.108108108108,0.4744692859219014,-0.11918336986016143,0.3581150009111631
1111.111111111111,0.33555720137667083,-0.20858933286246545,0.42773953272192927
1114.114114114114,0.6618005755640174,-0.20186373006556593,0.297856944419841
1117.117117117117,0.6828100533017638,-0.004715288313941704,0.38682713207084396
1120.12012012012,0.6068531640635204,0.09034542530544401,0.46247617524040974
1123.1231231231232,0.6567865620886917,-0.0001112460034456052,0.3558406262023076
1126.126126126126,0.49679194612055533,0.13811242857053457,0.37367132168019973
1129.129129129129,0.39303183685688103,-0.32370731548316006,0.274057784533374
1132.132132132132,0.42432280538470324,0.21437333660773505,0.3148546671499595
1135.135135135135,0.7082564852236035,0.02730284311826978,0.3911861297701195
1138.1381381381382,0.4025430862265455,-0.036586337554817744,0.2010302478952208
1141.1411411411411,0.45263647686235753,-0.11029070906297991,0.40514439543447195
1144.144144144144,0.494732225730328,-0.16086581097563568,0.3277891835627743
1147.147147147147,0.545567825091172,0.18714691980838458,0.37832601687657375
1150.15015015015,0.22587658795278734,0.47219456984969793,0.3339377556526946
1153.1531531531532,0.2860459530133654,0.005568322148815119,0.2742042083084393
1156.1561561561562,0.1929980184800194,0.09260979255396262,0.2294368785702868
1159.1591591591591,0.5518983800237459,0.1969570361142404,0.22352534661452006
1162.162162162162,0.2652393029291599,0.4363217863571104,0.16494059650346113
1165.165165165165,0.1817885927300848,0.19627700383153088,0.12760568945040648
1168.168168168168,0.41690572862392095,0.07596144907368167,0.13725895959721293
1171.1711711711712,0.16884407191384154,0.29639035047362633,0.21787459409357623
1174.174174174174,0.25552188417263055,0.28856458597772644,0.11060244963427185
1177.177177177177,0.4323585964872569,0.1467391670621035,0.15083757855386298
1180.18018018018,0.351606329696646,0.229570711582915,0.18853362823939113
1183.183183183183,0.4018656830062099,0.4883054478065672,0.1581369544418809
1186.1861861861862,-0.0062905108942741044,0.1529562934105329,0.13449791671023276
1189.1891891891892,-0.005679910321113399,0.6297218342845784,0.020837748424886313
1192.192192192192,0.08897123653936699,0.3248622797955221,0.3104308656668943
1195.195195195195,0.10150775103893037,0.20255528193911476,0.1343859625116875
1198.198198198198,-0.2112573616659292,0.3616740278117143,0.08749121361766819
1201.2012012012012,-0.03302059065220398,0.2009203994265912,0.12824830238201224
1204.2042042042042,0.20743059191036578,0.4310226360089605,0.0070169100316463656
1207.2072072072071,-0.04338131311621463,0.6011904758514406,0.05252831499972882
1210.21021021021,-0.19907291174571934,0.31494615398310905,0.06141060770053318
1213.213213213213,-0.17501866862382,0.4003599491046613,0.04799223384126399
1216.2162162162165,-0.35587819848458835,0.5480456220387174,-0.1644086204823709
1219.2192192192192,0.01915055160758014,0.3006957280879046,0.04090582207532925
1222.2222222222222,-0.06399723779756875,0.32538507470024064,0.0125519502340674
1225.2252252252251,-0.49532647688254716,0.43115594081575814,-0.1293593456828054
1228.228228228228,-0.12354917657965048,0.41936407046164614,-0.08560860843587026
1231.231231231231,-0.1309674704453178,0.6244816820913677,-0.07869541274180855
1234.2342342342342,-0.10323403653663037,0.7047060447041469,-0.0013835910665233107
1237.2372372372372,-0.5920763838659734,0.38149500077634263,-0.10558174532646772
1240.2402402402402,-0.12677844722965623,0.6903931604718399,-0.22226995118829007
1243.2432432432431,-0.17565660812219794,0.475677349925231,-0.061841499086773284
1246.246246246246,-0.38885265129889385,0.5676406678123574,-0.1218962197502294
1249.2492492492493,-0.47255647675075296,0.6602789453243406,-0.042470219371512685
1252.2522522522522,-0.593694943985763,0.7531550937375183,-0.1590901102223471
1255.2552552552552,-0.794435148074835,0.8516541841761478,-0.1981474102291406
1258.258258258258,-0.3644544081277186,0.423969037238503,-0.04995912545785678
1261.261261261261,-0.9873374433800698,0.7175986237371917,-0.2355181913197768
1264.2642642642645,-0.5857019771142797,0.7515167675110306,-0.14531756373293303
1267.2672672672672,-0.48187733712422554,0.5177156167572312,-0.19629329950220406
1270.2702702702702,-0.6166539375600574,0.4162841314406968,-0.12879610602001176
1273.2732732732732,-0.5268103865041828,0.5905952284012975,-0.20276876294360963
1276.276276276276,-0.695621278558484,0.7826816937925846,-0.14837650438544192
1279.2792792792793,-0.8410535383800711,0.8112607633405287,-0.19889937685013165
1282.2822822822825,-0.8423731810951823,0.5634947620016013,-0.22326641639376735
1285.2852852852852,-0.9551728666751933,0.5846402738262968,-0.20815720471134594
1288.2882882882882,-0.8430043970082074,0.7198684088429212,-0.2899920569393316
1291.2912912912911,-0.9710394162438569,0.6600931365070448,-0.21830440225531977
1294.294294294294,-0.6893310601983336,0.8877342946434452,-0.4333564053498377
1297.2972972972973,-1.0797708503700705,0.8430664549560586,-0.3936470893820542
1300.3003003003005,-0.9377765986259852,0.9584047301686471,-0.1583904705928005
1303.3033033033032,-0.8813342258409919,0.9519199154359896,-0.24259767808707214
1306.3063063063062,-0.9310870708131802,0.7574415164637065,-0.33999987286037686
1309.3093093093091,-0.8396248786644712,0.905418781607047,-0.14554762267362004
1312.3123123123123,-1.2813486548542476,0.8532126345109786,-0.4176004953572124
1315.3153153153153,-1.2499358460026744,0.7862298473411575,-0.32196977766067514
1318.3183183183182,-1.253436889939148,0.532946512335613,-0.36801796913357976
1321.3213213213212,-0.9754327623879154,0.8282800931088615,-0.27029384564585224
1324.3243243243242,-1.1666631656776942,0.9457938896679517,-0.35264957521279056
1327.327327327327,-1.242199566320601,0.8168407200702255,-0.36474885848719163
1330.3303303303303,-1.084669093089568,0.7890894003599038,-0.26884147606863623
1333.3333333333333,-1.1900054068407138,0.9016007301394844,-0.40974280151331577
1336.3363363363362,-1.5327481768500106,0.9095457429807703,-0.4672088427247141
1339.3393393393392,-1.3176813035034944,0.9037497991381618,-0.40092210469720996
1342.3423423423424,-1.2993613526292906,0.8372541964053914,-0.5842262898329549
1345.345345345345,-1.1200835887260536,0.602593404904034,-0.37415544516080845
1348.3483483483485,-1.313358415387435,1.1790718914194804,-0.4359737202994557
1351.3513513513512,-1.378984128705972,0.8494471740708766,-0.4003284473804159
1354.3543543543542,-1.4205542235565742,1.14386080213038,-0.4249937298124576
1357.3573573573574,-1.6623431643630744,0.8962155290614595,-0.5020622205731201
1360.3603603603603,-1.7796245743473362,0.9694322412604154,-0.5156139697408918
1363.3633633633633,-1.7191789330472844,1.1135519461733656,-0.521124304806327
1366.3663663663665,-1.3682187119019418,0.8529056507990116,-0.5016091376858138
1369.3693693693692,-1.6353481538028947,1.0350404665400128,-0.48473606246854917
1372.3723723723722,-1.6789720585378274,0.9806955168015483,-0.511281994177242
1375.3753753753754,-2.120391831059937,0.8949565528210812,-0.610330851927444
1378.3783783783783,-1.7722531608427934,1.130068152389096,-0.47713752942523957
1381.3813813813813,-1.8195247850340688,1.102494691987979,-0.49053898624102316
1384.3843843843842,-1.9765972957158227,1.0635353245238535,-0.6450742189201408
1387.3873873873872,-1.9487067736561978,1.1959650229540264,-0.5505316411791571
1390.3903903903904,-1.7339431467382247,1.2521641543927406,-0.6357717270855462
1393.3933933933934,-1.9223647564896047,1.1695553115037156,-0.5921330163663477
1396.3963963963963,-2.134937201108755,0.9236706946273677,-0.5521418149367735
1399.3993993993993,-2.0150205557697647,1.094919890867409,-0.6142081971212136
1402.4024024024022,-2.0029814025227393,1.132502320265673,-0.656974384233891
1405.4054054054054,-2.1046587124515765,1.1384248015399974,-0.7442627126613302
1408.4084084084084,-2.0197438579511666,0.9774615271917755,-0.6901614064627005
1411.411411411411,-1.8883096091038396,1.1720440672263268,-0.7916051214279732
1414.4144144144143,-2.009677472705753,1.0842468942147296,-0.664293993052201
1417.4174174174173,-2.3731566868242377,1.1606675563983258,-0.7365522353533903
1420.4204204204204,-2.2156914479056837,1.1719663059390906,-0.6596149262190621
1423.4234234234234,-2.0604516442041736,1.492453852598083,-0.6485247786767087
1426.4264264264264,-1.8777386464962686,1.0313139113913972,-0.6878485753140611
1429.429429429429,-1.7579381476058589,1.0942620233674019,-0.7571445700166252
1432.4324324324325,-1.8447038376914495,1.0999927779404863,-0.773789653324927
1435.4354354354352,-1.9262441695524966,1.1698042154636064,-0.8293296288627443
1438.4384384384384,-1.6643997404995838,0.9439131605359696,-0.7990573568600311
1441.4414414414414,-1.5165157321186016,0.9695041337956435,-0.6994664082305958
1444.4444444444443,-1.9652107251902902,1.0356953591624813,-0.7876275977704683
1447.4474474474473,-1.8069777066870312,1.2251624671232437,-0.8886029804774688
1450.4504504504505,-1.6766938339196238,1.0225365009496452,-0.8235810852423543
1453.4534534534534,-1.6604603076859288,1.1825962116606292,-0.8741170083058499
1456.4564564564564,-1.5897606899040397,1.0969461444096444,-0.930787836263428
1459.4594594594594,-1.4402188444515431,1.4355030971226928,-0.8788483227465443
1462.4624624624623,-1.5707719512419345,1.235130556365856,-0.8726490597219535
1465.4654654654653,-1.6847575768585858,0.9755571212549364,-0.8670200582572177
1468.4684684684685,-1.3448660829164,1.2371774068014159,-0.8746116812911475
1471.4714714714714,-1.4399721493881394,0.8520249084414688,-0.9507957521051756
1474.4744744744744,-1.327499034590621,1.3047089664520368,-0.7533401351096122
1477.4774774774774,-1.7348759256155504,1.0106543296028694,-0.866462952587974
1480.4804804804803,-1.4961563905823951,0.9933483216271278,-0.940676429362266
1483.4834834834835,-0.9679257885766265,1.2213316842987465,-0.9523077595120932
1486.4864864864865,-1.5462366676870247,1.2517116690622339,-0.9126124981126215
1489.4894894894894,-1.579757364780525,1.6011114357243859,-0.8647816178270898
1492.4924924924924,-1.2627165703133574,1.4319391798737169,-0.8241385480131974
1495.495495495495,-1.0742573280237189,1.4167813716778879,-0.920129709222236
1498.4984984984983,-1.4116469750949245,1.28924484495996,-0.983725871454348
1501.5015015015017,-1.2137548758481762,1.2925978605313229,-0.916091738030452
1504.5045045045044,-1.1115698614826555,1.2797965061102494,-0.9673110121269297
1507.5075075075074,-1.1075983637708204,0.8641833031583227,-0.8547562021066123
1510.5105105105104,-0.9618480056258213,1.4462399224563316,-1.0537414130180929
1513.513513513513,-0.7329352081838724,0.9635998443105814,-1.0425666191533538
1516.5165165165165,-0.9646081184483101,0.8262483866501019,-1.1380187684209457
1519.5195195195197,-0.9960630185590299,1.1250581033412748,-1.045237260466197
1522.5225225225224,-0.6881391268020254,1.3562992350634646,-1.0157158361134555
1525.5255255255254,-0.7212939287487661,1.073162089521052,-0.9834927001119016
1528.5285285285283,-0.9699137041831137,1.3172549056705356,-1.0454536071122593
1531.5315315315315,-0.8523021945179438,1.0635280792446098,-1.0932298984154767
1534.5345345345345,-0.76451081798863,1.3599098159195038,-1.076199784041909
1537.5375375375374,-0.5824354776170114,1.008109305177706,-1.1195165885139882
1540.5405405405404,-0.6359856048084926,1.119637096704404,-1.0568303335578928
1543.5435435435434,-0.7725005996510518,1.288904456907141,-1.1051063859349226
1546.5465465465466,-0.6404133383217666,1.1515621156212519,-1.0132689601912075
1549.5495495495495,-0.8406433160325428,1.386470934144516,-1.0953155063762379
1552.5525525525525,-0.7083370211336488,1.140307376376775,-1.1162420869856575
1555.5555555555554,-0.48518812370309616,1.352324301328673,-1.2368903853056592
1558.5585585585584,-0.6362877320784527,1.3175992551466589,-1.1734327835314957
1561.5615615615616,-0.5087241736945852,1.1970121030648981,-1.0295363110857891
1564.5645645645643,-0.37923695434483046,1.6649727055079233,-1.1814539080814352
1567.5675675675675,-0.6144047173123283,1.0576051729691376,-1.1333506708293444
1570.5705705705705,-0.2198202838374169,1.16418226164363,-1.2113120847683803
1573.5735735735734,-0.7860599673345795,1.2671008011802936,-1.2397700227873594
1576.5765765765764,-0.5750168817267605,1.2803227945966789,-0.9512271795711674
1579.5795795795796,-0.24131347673749895,1.0277183362218734,-1.2807407896160858
1582.5825825825823,-0.22249880361767915,1.0114193744889495,-1.2361325839319333
1585.5855855855857,-0.47457057506557504,1.1603878903923113,-1.2037624349161502
1588.5885885885884,-0.606129985357407,1.2437806444910813,-1.2423459645487855
1591.5915915915914,-0.20094515593551132,1.2422385191839382,-1.2103964748652556
1594.5945945945946,-0.2364024371170074,1.314933372373154,-1.042514516174077
1597.5975975975975,-0.39302392663383573,1.3910506770711002,-1.3377534031489222
1600.6006006006005,-0.19470764331422746,1.2788479953630512,-1.279570374618887
1603.6036036036037,-0.07129411519623276,1.2848084517845113,-1.278152683438267
1606.6066066066064,-0.3691354516535519,1.1235587353295984,-1.2747287855163474
1609.6096096096096,-0.38797170397660286,1.1494825915966593,-1.2471298536040396
1612.6126126126126,-0.07383673996069459,1.1659788595728025,-1.2607895169146643
1615.6156156156155,0.00916563145309052,1.3750709938653638,-1.291300824119205
1618.6186186186185,0.33314902871475816,1.1704661337570537,-1.3553903252178174
1621.6216216216214,-0.12153303024637924,1.403124089172305,-1.1857992187207178
1624.6246246246246,0.21517372627607767,1.3427460186577969,-1.311800108285548
1627.6276276276276,0.061890808318819455,1.1654445332098435,-1.174257547027795
1630.6306306306303,0.08470814496435465,1.4498690738140205,-1.2341462388862348
1633.6336336336335,0.14275798205072115,1.189590092562908,-1.3555659334098047
1636.6366366366365,0.21101632468738057,1.4481311776253873,-1.2675600852653164
1639.6396396396397,0.025710814663776088,1.4169645704998899,-1.106667612463727
1642.6426426426426,0.13879711989073384,1.2976338258260682,-1.2951857991226756
1645.6456456456456,0.15742248032066228,1.1516531610935314,-1.3284884098925067
1648.6486486486483,-0.10777054154208923,1.0704892941995845,-1.3932191202469923
1651.6516516516515,0.44039236576985386,1.0325506127356516,-1.2875858871090238
1654.6546546546545,0.2566873249252325,1.2140737353530813,-1.429069891881246
1657.6576576576576,0.03644302084844598,1.224937172389981,-1.3892869991214123
1660.6606606606606,0.327692639253361,1.0694554457585244,-1.3095348083400642
1663.6636636636636,0.026905440162838724,1.0903196273817763,-1.3675572601542496
1666.6666666666663,0.1713181891505318,0.9835864534305329,-1.3085137444547017
1669.6696696696697,0.2962125845617605,1.163600925336628,-1.3961834458691456
1672.672672672673,0.4846247153174522,1.0472254115395199,-1.2130918280719623
1675.6756756756756,0.5068130751777896,1.1387213712927418,-1.4263933445191115
1678.6786786786786,0.3997237889065783,1.267556516025071,-1.3716983592820229
1681.6816816816815,0.4312408567999368,1.0196517930856044,-1.427583775300032
1684.6846846846845,0.37960395884511855,1.1228240214617344,-1.3414012722523436
1687.6876876876877,0.6180197049089737,0.7529402038703998,-1.4047352854275919
1690.6906906906906,0.5161026039407858,1.24664951704034,-1.4096440673141275
1693.6936936936936,0.5247330147241497,0.9923312329243011,-1.4472552432547725
1696.6966966966966,0.4793482376670552,1.3783696834046695,-1.466285150334754
1699.6996996996995,0.4671845969931635,1.3329948843299633,-1.4539351601695423
1702.7027027027027,0.6749765248881726,1.223757372620671,-1.4067240638975544
1705.7057057057057,0.605209094404339,1.2130901057355108,-1.4492596959468511
1708.7087087087086,0.537992801522499,1.1990016355992859,-1.4360904056317354
1711.7117117117116,0.3587473076759616,1.024621927137444,-1.5282530564212369
1714.7147147147143,0.6630728975457738,1.1170178857653714,-1.535052847045844
1717.7177177177175,0.7604500091878236,1.2282808090702333,-1.376065334615261
1720.7207207207207,0.4513790945411232,1.0992099274522258,-1.4370379047222492
1723.7237237237237,0.2871694015665322,1.0312231704206904,-1.4931226813134517
1726.7267267267266,0.7166088123640538,1.3700930886695522,-1.5105775986488066
1729.7297297297296,0.6743902715037964,1.2678919579523937,-1.3877199406876295
1732.7327327327323,0.712412605674281,0.9332896546438444,-1.394219757932081
1735.7357357357355,0.797690011837667,0.9025503212927403,-1.4613389201514833
1738.738738738739,0.9334954920377306,0.7733456010661521,-1.4500233805405116
1741.7417417417416,0.5887619339553287,0.8701913181773188,-1.426241186026428
1744.7447447447446,0.6603146300044203,0.8683474069028835,-1.3811583269397398
1747.7477477477476,0.5404636859151777,0.9013186175792315,-1.3551705022073186
1750.7507507507507,0.8470818113916382,0.9186426942734266,-1.4486008975741205
1753.7537537537537,0.7635084113407646,0.9621897968456928,-1.6420198962049468
1756.7567567567569,0.7204678209784083,1.2314862167732483,-1.4818510720996276
1759.7597597597596,0.8380970422550498,0.9597517742769118,-1.5956760731619577
1762.7627627627626,0.5301463725547922,0.6303090234183746,-1.6312273176353267
1765.7657657657658,0.9032058093674569,1.0177959931100478,-1.4998333298941653
1768.7687687687687,0.9379712700163381,1.3429252608115714,-1.4953097635196888
1771.7717717717717,1.046611848952171,0.9880690179462214,-1.537158267329095
1774.7747747747746,1.1454365145406085,1.087474924502065,-1.5000420450251113
1777.7777777777776,0.99870133883494,1.150508310252235,-1.551728356213674
1780.7807807807808,0.7943974644986191,1.0976969766116143,-1.5468002619938348
1783.7837837837835,0.8389595957347494,1.094002722999086,-1.4496362596743346
1786.7867867867867,1.140681371166985,1.021133101594984,-1.5105883778382916
1789.7897897897897,0.6149207170403883,0.7404179951648253,-1.3935967716724533
1792.7927927927926,1.0403498840286651,1.052959010097795,-1.3663546584225414
1795.7957957957956,0.9815959208422491,0.8715627176174832,-1.4707394238620923
1798.7987987987988,0.9487343300253981,0.8001449508635738,-1.644527750384988
1801.8018018018013,0.7212775370177157,0.8150087587043937,-1.458669960566523
1804.8048048048047,0.6452180851983683,0.7852253943588218,-1.4533074862445998
1807.807807807808,1.2287650408560866,0.874322357136695,-1.6251384757551952
1810.8108108108104,1.3535476487170441,0.6980865720500067,-1.5187224043954695
1813.8138138138136,1.0805670812057517,1.0448547435899207,-1.5648152802655217
1816.8168168168168,1.1437302181806746,1.1551335077418299,-1.4953157844189773
1819.81981981982,0.8597130316597505,0.9239636248446704,-1.5615047260275212
1822.822822822823,0.9538380632495058,0.8774555405621673,-1.5247186200476295
1825.8258258258256,1.0455850991358606,0.7173455927089573,-1.5533688514510389
1828.8288288288288,1.0407766769267444,0.6049563763459324,-1.646944169636745
1831.831831831832,0.9617060561065395,0.7299997516077475,-1.511594036359179
1834.8348348348347,0.8895176049726021,0.7844055725975502,-1.5464361616974294
1837.8378378378377,0.8825304228030004,0.9686275432871622,-1.579392314292144
1840.8408408408409,1.2347710159660505,0.5532286309753363,-1.6344596288761981
1843.843843843844,1.1914952779514758,0.8579969475894315,-1.5362015959239232
1846.8468468468468,1.2232943799963127,0.8222899561688113,-1.5261783857735673
1849.8498498498493,1.2292020923745357,0.6326158389113627,-1.5583007088498648
1852.8528528528527,1.2888662130247814,0.7213573919375322,-1.5382628590228695
1855.855855855856,0.9813066477634907,1.02012876563807,-1.5351640927977674
1858.8588588588584,1.25400556038642,0.9251986486693722,-1.638997359335616
1861.8618618618616,0.9745492530568926,0.5772684225759174,-1.6735121852586567
1864.8648648648648,1.1018931601188904,0.3978741214672884,-1.5796814828364258
1867.867867867868,1.2893272706194285,0.6301660385726671,-1.5106204603269304
1870.8708708708707,1.1952706578148617,0.486476758185598,-1.5119846089639122
1873.8738738738737,1.0686901806349747,0.8116289462321984,-1.6475878445665961
1876.8768768768768,1.2730317939306737,0.7127631869131246,-1.6629266082652463
1879.87987987988,1.22496584255463,0.5791966260629224,-1.6613757907022686
1882.8828828828828,0.9088874617836781,0.6799303369574575,-1.5093416378596094
1885.8858858858853,1.0740997971022297,0.7753389766502556,-1.530523841096607
1888.8888888888887,0.7893009198889908,0.9001646522574659,-1.66817711140119
1891.891891891892,0.8752776417845413,0.5444999467273799,-1.486540228944274
1894.8948948948948,1.0438727532918293,0.46330238125106493,-1.6812728881473529
1897.8978978978976,0.9510453382682783,0.5679752340761137,-1.468479214204608
1900.9009009009008,1.2579660581316179,0.6225470950056242,-1.584123052193763
1903.903903903904,1.26412922982336,0.4397196527587287,-1.5597880417391772
1906.906906906907,1.000212892854174,0.4280352040197969,-1.5815287079526406
1909.9099099099096,1.0829472394252766,0.3354941598462509,-1.50738358327545
1912.9129129129128,1.3270014047123877,0.5887289029637791,-1.7859253102673496
1915.915915915916,1.3137578689251623,0.4919674317067191,-1.6063232129517593
1918.9189189189187,1.0689979219129164,0.48857694824647835,-1.5108819865472183
1921.9219219219217,1.1901557679107364,0.2442442694755279,-1.6756614954128783
1924.9249249249249,1.1144162629168652,0.41674274176785314,-1.5294217566203325
1927.927927927928,1.393287285235373,0.5753827971643896,-1.6624853957767107
1930.9309309309308,1.3083068710260284,0.4986903197831413,-1.5482686994739572
1933.9339339339333,1.0616176119193734,0.7508391326587799,-1.5999388637295264
1936.9369369369367,1.1214257774666903,0.36336797832247963,-1.6579541117571897
1939.93993993994,1.0616980598038157,0.3934735832673714,-1.6659693702704648
1942.9429429429429,1.061599828934079,0.257579831021228,-1.5710579749499414
1945.9459459459456,0.9140544524400114,0.806099325417877,-1.6044489557865325
1948.9489489489488,0.8512752371519702,0.3480014851658889,-1.5981926327276832
1951.951951951952,0.9615157588679273,0.2585384995150691,-1.522531372423649
1954.954954954955,1.0990477174443678,0.36896200762082204,-1.524147643266845
1957.957957957958,0.7826365591978393,0.22582278338547454,-1.5425819501358022
1960.9609609609608,0.8488292287724372,0.3325717837104482,-1.5417265465170291
1963.963963963964,0.9378258973994754,0.26519231587056336,-1.487112643601002
1966.9669669669668,0.763459214845858,-0.033828932281199695,-1.5395045629245927
1969.96996996997,1.152903898579885,0.2276041599365391,-1.6555721242068528
1972.972972972973,1.0657496418036376,0.14427788811712244,-1.4958920421997601
1975.975975975976,1.071760180421686,0.1272872545651635,-1.5007752870436721
1978.9789789789788,0.8175803080730131,0.595352765226347,-1.5213321459250189
1981.9819819819816,0.7622021011777609,0.2381509527872598,-1.5036008313365516
1984.984984984985,0.8145246844441535,0.39513689144524483,-1.4946981410281615
1987.987987987988,0.9691382755487293,0.21089843812776998,-1.5626333561341128
1990.990990990991,0.7733445633280123,-0.13782602654346396,-1.5827706663089358
1993.9939939939936,1.014085813271851,0.29550804500781475,-1.5828063635207401
1996.9969969969968,0.9143445788111367,0.2286888165099791,-1.4633677134152316
2000.0,1.00052686102963,0.00552937881646523,-1.5737803477062433
2003.003003003003,0.8324548120377253,0.15154818660423788,-1.5612844799428278
2006.006006006006,0.9664177472178572,-0.017180534057729017,-1.4548103018681655
2009.0090090090089,0.9669542929048851,0.11621256524774874,-1.4609875874425775
2012.012012012012,1.0128969073547365,-0.014234062792545599,-1.6453685443159556
2015.0150150150148,0.638187119604292,-0.07365560983463246,-1.4409748548407646
2018.018018018018,0.5547049609709584,0.21655275603254537,-1.4894981601513715
2021.021021021021,0.6488052425328673,-0.050404568500276734,-1.5117906242010126
2024.024024024024,0.9635255138220068,0.21673513955269716,-1.5604654208873596
2027.0270270270269,0.7126359117944601,0.061142796696220504,-1.5194173136745548
2030.0300300300296,0.9128889494134873,0.08917391092756276,-1.5203598979602715
2033.033033033033,0.764412049221195,-0.02309378878097725,-1.4789897227689244
2036.036036036036,0.8354773897935635,-0.16553226303542784,-1.5226986144014412
2039.039039039039,0.8770770538359042,0.043593526142774786,-1.5261076495296573
2042.0420420420417,0.5633684451735159,-0.1460671675604597,-1.440668286460611
2045.0450450450448,0.6212081289182505,-0.23633758100490204,-1.4793832209294941
2048.048048048048,0.751502868812377,-0.27031931561319367,-1.496475008896349
2051.0510510510508,0.7236664622424813,-0.261079523490694,-1.3507783770624027
2054.0540540540537,0.41462557466493416,-0.2252347025318498,-1.5664842808103754
2057.057057057057,0.7438773690945779,-0.25193488934834996,-1.4161516444284212
2060.06006006006,0.29470633319897876,-0.3037399313489979,-1.3498162621995597
2063.063063063063,0.5395243805677978,0.03056354961576072,-1.25397099668649
2066.066066066066,0.5150400618096529,-0.03867748787307933,-1.4963673013479195
2069.069069069069,0.6737043731866496,-0.26291430792015474,-1.405124193102597
2072.072072072072,0.6479413704571799,-0.29297381733655103,-1.4093802462330134
2075.075075075075,0.5237787983533322,-0.2222049992867185,-1.4975861450267136
2078.078078078078,0.6607880251831024,-0.353848649000881,-1.360975839466309
2081.081081081081,0.4833037113826239,-0.34704754791774545,-1.4195353241701576
2084.084084084084,0.22350911686154804,-0.1407543814705217,-1.4052587541074386
2087.087087087087,0.2913774704026978,-0.30204485355419275,-1.3149989926547982
2090.09009009009,0.5339179344135844,-0.5414693731828573,-1.4833613113947626
2093.093093093093,0.44970212653829916,-0.4744768511708899,-1.4174114072824786
2096.096096096096,0.4267608954621981,-0.4015103591437825,-1.5588862002015131
2099.099099099099,0.48139710123468965,-0.28728432436805257,-1.3112849796264818
2102.102102102102,0.34824100165829314,-0.31025406065036765,-1.498045849910835
2105.105105105105,0.06846211940260184,-0.41960088298323134,-1.2984955055295377
2108.108108108108,0.4289766754142356,-0.5441348959460883,-1.3702199325966062
2111.111111111111,0.5752993278380285,-0.4425345591649432,-1.421072887919498
2114.114114114114,0.40868969008002815,-0.3213256015861187,-1.32698053597561
2117.117117117117,0.059428706665642185,-0.2859092608597483,-1.3536414441236575
2120.12012012012,0.05231522386592878,-0.41391875673270134,-1.3307431896967823
2123.123123123123,-0.06775267975467579,-0.8298132354014229,-1.281872034272839
2126.126126126126,0.21248796017329355,-0.48368523444028466,-1.3208243482020632
2129.129129129129,0.14612499050555783,-0.6510537347357677,-1.2438207165372783
2132.132132132132,-0.059015129997582405,-0.5495252437322484,-1.3227453678258791
2135.135135135135,0.14129892814617198,-0.7551552847474744,-1.318871316254792
2138.138138138138,-0.060684363691361626,-0.8110071920357969,-1.32031027097981
2141.141141141141,0.061581513503934565,-0.6258900719783917,-1.241604257774824
2144.144144144144,0.11971462506977117,-0.7756493592526675,-1.2205975962873394
2147.147147147147,-0.2579501638476905,-0.7907264442071221,-1.1771368714392962
2150.1501501501502,0.34512957748728534,-0.7590052452110285,-1.3165158779111632
2153.153153153153,-0.3288317831688361,-0.8286682519450389,-1.148394206575989
2156.156156156156,-0.16707955111882675,-0.531063862159543,-1.2334440244189866
2159.159159159159,0.006869674082718571,-0.6450650743628552,-1.2402782066586904
2162.162162162162,-0.31686855583384416,-0.8552632574082416,-1.1918904241388468
2165.165165165165,-0.3107826786865375,-1.0488833906983477,-1.1242022305278636
2168.168168168168,-0.06066475560665422,-0.8120383003432685,-1.2581994994050467
2171.171171171171,-0.18912955392381745,-0.8243274318827645,-1.2975239127151608
2174.174174174174,-0.3834665635473694,-0.6855730014027414,-1.080171797542826
2177.177177177177,-0.39692628896160664,-1.0013572164751077,-1.1047431464073703
2180.18018018018,-0.12315195056560001,-1.0282286251265096,-1.1697316965967037
2183.1831831831832,-0.03618627835362116,-0.8195335023960126,-1.232911603074601
2186.186186186186,-0.13022381633394542,-1.1411434816890171,-1.1868275386996259
2189.189189189189,-0.677140677448203,-0.8887944628150374,-1.14712793072387
2192.192192192192,-0.5063229914800206,-0.9797776618164125,-1.2275731588454595
2195.195195195195,-0.7936590867202442,-0.8759876467199813,-1.1655899317524563
2198.198198198198,-0.6330967246640533,-1.035301896283592,-1.2241722727234812
2201.201201201201,-0.5695795974719311,-0.7998282655278828,-1.1960293164007652
2204.204204204204,-0.44012380971997683,-0.9049704915392005,-1.212437135446792
2207.207207207207,-0.3143404837002493,-0.9086166228432904,-1.15867908555105
2210.21021021021,-0.7679684293963348,-0.8211085151000308,-1.0854839592239618
2213.2132132132133,-0.7436330115114385,-1.1073555776657942,-1.0063562473520378
2216.2162162162163,-0.6758457287676551,-0.9556645462153766,-1.0997342477337666
2219.219219219219,-0.449084020056256,-1.2152194497547502,-1.2207166956274824
2222.222222222222,-0.9260580259964304,-1.0578066113245643,-0.9415823559591168
2225.225225225225,-0.8854698220506969,-1.02137352447126,-1.200390219852099
2228.228228228228,-0.7266748453234104,-1.5412272749481928,-1.1985990026852007
2231.231231231231,-0.45673961117254414,-1.1950484561427999,-0.9349551941412139
2234.234234234234,-0.9734930904345599,-1.109456056059987,-1.1618119828020592
2237.237237237237,-0.7310590248427311,-1.215027335404312,-1.1069362355249337
2240.24024024024,-1.0132505072051639,-1.5873146632699608,-1.087228690416912
2243.243243243243,-0.7584260767470768,-1.2496690916041906,-1.2407724712335806
2246.2462462462463,-1.0549835278897317,-1.02646071973577,-1.098477682130023
2249.2492492492493,-0.9842155504430058,-1.0730567667379427,-1.0936770312714215
2252.252252252252,-1.081229953023664,-0.9516983291297709,-1.1121941214039706
2255.255255255255,-0.9143185798636463,-1.3307894485372667,-1.0041954704287832
2258.258258258258,-1.0888733815458154,-1.3947483424952503,-1.0050497111713141
2261.261261261261,-0.8644454230072665,-1.3218479709116937,-0.9688825317210324
2264.264264264264,-1.0590633428727665,-1.1279900387686315,-0.9691716990792798
2267.267267267267,-1.3085742240475358,-1.3897986802575564,-0.9912500349103984
2270.27027027027,-1.0650888273406607,-1.5656235224396313,-0.8902408389795106
2273.273273273273,-1.458766601703475,-1.3111328760382133,-0.9472190118035096
2276.2762762762763,-1.376300461488203,-1.3016347623738858,-0.8299977877247511
2279.27927927928,-1.3022566874324313,-1.496429297392393,-0.8755723607915137
2282.2822822822823,-1.6322651365341418,-1.447619478706387,-0.9231117006169431
2285.285285285285,-1.2727089576190247,-1.5373304092584135,-1.011144259507415
2288.288288288288,-1.5247581513836863,-1.6411997040606312,-0.911731695343962
2291.291291291291,-1.4332221953653406,-1.5855028969426213,-1.138128233048513
2294.294294294294,-1.6357447275721622,-1.7298757016404334,-0.9211614078573793
2297.297297297297,-1.2575332382231932,-1.5141160198941392,-0.8510993445612577
2300.3003003003,-1.6377839595426689,-1.5277720470248837,-0.8240521498404108
2303.303303303303,-1.7171951711773217,-1.965305677868603,-0.9121457885856569
2306.3063063063064,-1.4111667676982775,-1.772510079558566,-0.8525822642863772
2309.3093093093094,-1.7028062457948498,-1.5697408978295053,-0.874292487424593
2312.3123123123123,-1.8662052345586098,-1.60255461241683,-0.7796769224327081
2315.315315315316,-1.719049075580394,-1.8005501719843706,-0.6605503600745398
2318.3183183183182,-1.5288602739695876,-1.7269804713293249,-0.8379415658322155
2321.321321321321,-1.759378503939629,-1.6379848035030196,-0.8517740840885027
2324.324324324324,-1.8654854351312167,-1.7232819985627674,-0.7951254627740763
2327.327327327327,-1.8420555960786757,-1.592696028776608,-0.7681016612113719
2330.33033033033,-1.9198833134460187,-1.9250321251675675,-0.7358419609323255
2333.333333333333,-2.0661572781302486,-1.5386332940836605,-0.7290113064593299
2336.336336336336,-1.643474971249671,-1.781917884955834,-0.5989557734511712
2339.3393393393394,-1.9573120039182137,-1.9113025558025885,-0.7650298902788911
2342.3423423423424,-1.7970307315702736,-1.8918135777507359,-0.7748718263073477
2345.3453453453453,-1.8558077564359647,-1.9014329464408188,-0.7013396522573554
2348.3483483483483,-2.175234545974118,-1.7899056853654587,-0.8025936167999418
2351.3513513513512,-2.0381233760293216,-1.9483455034255233,-0.6758076062259073
2354.354354354354,-2.117235150341376,-2.0744463876851253,-0.7912888840269634
2357.357357357357,-2.1527820499143266,-1.9519185269874815,-0.68210557264625
2360.36036036036,-2.013885967987767,-2.161254338199415,-0.7029493322871303
2363.363363363363,-2.1648006873332113,-2.079375227981811,-0.541031870823838
2366.366366366366,-2.300842219353517,-2.100362619205497,-0.7590806853748825
2369.369369369369,-1.8263501530428556,-2.0455314111653955,-0.5325225006242924
2372.3723723723724,-1.9684125672683435,-1.7717874532401867,-0.7001032471857981
2375.375375375376,-1.9685578956381802,-1.7913065953652612,-0.682208067866651
2378.3783783783783,-2.0498908511129943,-1.753412073031128,-0.47447365631275984
2381.3813813813813,-1.9261403640239831,-1.7227014845924191,-0.4599629703248753
2384.384384384384,-1.6097916530634353,-2.124024593064761,-0.6198255445397238
2387.387387387387,-1.9433539387170158,-1.5541921221418304,-0.6174994299935811
2390.39039039039,-1.5781116970463478,-2.1617182393741476,-0.6618315064037948
2393.393393393393,-1.585691016050633,-1.7657850133507107,-0.42883579045180475
2396.396396396396,-1.282333817345649,-1.8646945350002277,-0.5968153568147655
2399.399399399399,-1.6286864117657114,-1.8978038905721686,-0.550651930037101
2402.4024024024025,-1.5317915674963536,-1.8208884240349532,-0.5024479854482415
2405.4054054054054,-1.8778735872262438,-1.4376668894446365,-0.5265557582876349
2408.4084084084084,-1.4834553985483996,-1.7762250435331906,-0.5782468264664199
2411.411411411412,-1.363483418246704,-1.5873694212355824,-0.48074296830924784
2414.4144144144143,-1.2861776666964986,-1.5880833878035854,-0.5412290727501696
2417.4174174174173,-1.2258875709760233,-1.6724480156768984,-0.5891392622941649
2420.42042042042,-1.3965427739013136,-1.54292544971583,-0.3117705670687806
2423.423423423423,-1.2882126821451727,-1.5740845055803419,-0.48624066465631166
2426.426426426426,-1.5528652816034536,-1.2884338048461381,-0.4823051090791714
2429.429429429429,-1.4994227290377817,-1.7377156924083854,-0.3522793351142932
2432.4324324324325,-1.1991890997657464,-1.607591946482864,-0.46327523479842614
2435.4354354354355,-1.2369900311524367,-1.5833417390588953,-0.363650173766511
2438.4384384384384,-1.1552631631621832,-1.3832546293251866,-0.37008524380528046
2441.4414414414414,-1.0993640886783909,-1.168047391426485,-0.4628831584205584
2444.4444444444443,-1.2638935753561207,-1.1515111545088805,-0.2993129887915394
2447.447447447448,-1.483522494901234,-1.6333758664464382,-0.3249333730098411
2450.4504504504503,-0.9595931215911387,-1.4352704515371701,-0.22079595803706525
2453.453453453453,-1.2486285776805768,-1.4476733841590232,-0.2839249040479966
2456.456456456456,-1.0014637414748295,-1.564854674874241,-0.378253827055965
2459.459459459459,-0.8825218572214912,-1.203613679203793,-0.18578850252548074
2462.462462462462,-1.136649723639673,-1.1999221946131593,-0.31279465009357105
2465.465465465465,-1.0814995848784703,-1.4273280220020563,-0.14415305844309148
2468.4684684684685,-0.9108790370615133,-1.251644041826241,-0.24006598810899446
2471.4714714714714,-0.9386907220941174,-1.3036494082869463,-0.29509177037569845
2474.4744744744744,-0.5127075218154138,-1.1651229472716982,-0.2467298112867466
2477.4774774774774,-0.598053730054205,-1.415214061391939,-0.10986846431089933
2480.4804804804803,-0.9839043497054717,-1.243817786028428,-0.2880957312644055
2483.483483483484,-0.5572606145764663,-0.9842635336712686,-0.23079774129024627
2486.4864864864862,-0.7587048277769239,-1.2446450851225361,-0.21607484160596974
2489.489489489489,-0.6274298101539203,-1.3181915671729896,-0.2165975272911798
2492.492492492492,-0.7505709719419836,-1.33083221589578,-0.1597285045129417
2495.495495495496,-0.5366810655925749,-1.2129742907617604,-0.09637703378327675
2498.4984984984985,-0.15778796681753504,-0.995226937492065,-0.2035161832756618
2501.501501501501,-0.6553531228746979,-1.096019464230891,-0.22770718716772273
2504.5045045045044,-0.9608982098232725,-1.2911700879191315,-0.2612292743961415
2507.5075075075074,-0.49481891499435765,-0.8858219196414423,-0.21949478723518662
2510.5105105105104,-0.6203472416140831,-1.150303708408087,-0.1722071629814507
2513.5135135135133,-0.40608610586141797,-1.0797174886263738,-0.21296456402305744
2516.5165165165163,-0.4006777652569615,-0.8890414019827028,-0.004812245845471978
2519.5195195195192,-0.4742432205444775,-0.8109364374381193,-0.073852133458337
2522.522522522522,-0.3801157881138685,-0.9391741783473405,0.003518738144756248
2525.525525525525,-0.03085333019479233,-1.1810785916989894,-0.09516007092480476
2528.528528528529,-0.34549789041521134,-0.9775475594909309,-0.08740981633346925
2531.5315315315315,-0.5383340323409338,-0.8881342276872987,0.00977780681544458
2534.5345345345345,-0.2234561756855577,-0.6616068184161532,-0.015674296144338483
2537.537537537537,-0.34534260919814247,-0.958499784566823,-0.0954240700701829
2540.5405405405404,-0.2666862112889378,-0.9592001304286709,-0.029276389299473318
2543.543543543544,-0.3781296074926472,-0.7381836406999106,-0.10851717545201159
2546.5465465465463,0.011440144992292494,-0.883996404162067,-0.058805392329928444
2549.5495495495493,-0.08764381348494882,-0.9251005807430112,0.04538792132246771
2552.552552552552,-0.3240591153964112,-0.938314113250555,-0.0968751076509443
2555.555555555555,-0.39993501355285715,-0.6493588370110955,0.11334034897840913
2558.5585585585586,-0.04130038191311933,-0.5601249171381284,-0.09714465265065789
2561.5615615615616,-0.14083901062921786,-0.8650806777675558,0.17923039599458868
2564.5645645645645,-0.05018904954021824,-0.7754915398861842,0.08717377243039386
2567.5675675675675,-0.0654666750020804,-0.5850639383873446,-0.022001243908250662
2570.5705705705705,-0.20189760704671314,-0.6994893182892553,0.05622082503240667
2573.5735735735734,0.12942900081145614,-0.5619156693223181,-0.03666052409237082
2576.5765765765764,0.007604171003379669,-0.5552767858537389,0.08595192282802182
2579.57957957958,0.029317274894887967,-0.9147497641339088,0.1178482478052885
2582.5825825825823,0.24659180718857124,-0.7643711727525324,0.030863335170119795
2585.585585585585,0.2496941849385271,-0.7003391769483813,0.09911504700970661
2588.588588588588,-0.049571864807083546,-0.33835452333832733,0.13667222318513417
2591.591591591592,0.3397017219972428,-0.5792254122978724,0.15709815722291093
2594.5945945945946,0.5347363485004295,-0.8709498243334499,0.2026090565011591
2597.597597597597,0.07924029249654044,-0.20653861911847113,0.23021519456353934
2600.6006006006005,0.34212944996735717,-0.2156414891581474,0.12165520223493961
2603.6036036036035,0.5729251152261816,-0.4779908494119525,0.253647156074125
2606.6066066066064,-0.03425538668641662,-0.35224238364107174,0.3393362053176999
2609.6096096096094,0.18850511032491288,-0.38874966644606535,0.1765162882686951
2612.6126126126123,0.2897987248107922,-0.2895362535052775,0.3347796955740261
2615.615615615616,0.3613211580319848,-0.43829103482311516,0.1819809008782791
2618.6186186186183,0.28994886095196776,-0.17464891245290892,0.24220812819864043
2621.6216216216217,0.529158037221169,-0.3911293544952404,0.28795415111039757
2624.6246246246246,0.3224969829252787,-0.14170450197798054,0.3105438599201973
2627.627627627628,0.5971423642579009,-0.297222640696986,0.35426995914956616
2630.6306306306305,0.09808248645107635,-0.45288108706964725,0.28696568681036166
2633.633633633633,0.48741936506184785,-0.14929560332912148,0.22885766335203736
2636.6366366366365,0.4898741975474699,-0.2957264450090154,0.2422750181508892
2639.6396396396394,0.6857358406802527,-0.4506381674612417,0.36455862832419245
2642.6426426426424,0.43064553086879626,-0.5836494089763168,0.28917591953432675
2645.6456456456453,0.7049774619932446,0.02923546438191933,0.359028853787443
2648.6486486486483,0.660113277006245,-0.39525889435452516,0.24512087244295402
2651.651651651652,0.6869862423958688,-0.12183371398205997,0.3527403621834097
2654.6546546546547,0.4639932885020572,-0.33833762167691134,0.3577733507801986
2657.6576576576576,0.8619048474139253,-0.002258212863704779,0.38426666392113906
2660.6606606606606,0.4596367483552383,0.05903125678150725,0.4300196210576237
2663.663663663664,1.2762151456024158,-0.025136761590688717,0.35575105275655783
2666.6666666666665,0.4268152635550607,0.04768171307997456,0.4150692345420273
2669.669669669669,0.4429405734379129,0.02223324150824826,0.3188777205782247
2672.6726726726724,0.7609053166176015,-0.0022155757002407183,0.41104990701130273
2675.6756756756754,0.8784985363963427,-0.02157151320481077,0.42469833073936464
2678.6786786786784,0.877288295770315,0.06378777445607467,0.5305450558756597
2681.6816816816813,0.7829858393802683,-0.1037199353374991,0.521339482835149
2684.6846846846847,0.7117146626370172,-0.015120624731877027,0.477722814400897
2687.687687687688,0.6138152513529523,-0.14560895169790827,0.486851866186918
2690.69069069069,0.9511617508571238,-0.05047258139419906,0.5585206461056493
2693.6936936936936,0.9803350941727271,-0.24724829907164336,0.5620958153285007
2696.696696696697,0.8017034245026534,0.1364697128696192,0.6213758142187255
2699.6996996996995,0.7976576345716744,0.13704567891087432,0.4981284123595312
2702.7027027027025,0.8163789032604003,-0.08885563483798158,0.49786572048533345
2705.705705705705,0.8739328477633669,0.378877587551424,0.7148088154370913
2708.7087087087084,1.045236775995248,0.06417209862235948,0.5225158589528612
2711.711711711712,0.7948152582574427,0.040612807845280076,0.6007707307869965
2714.714714714715,0.8320446348431788,-0.07935585986608569,0.5580656915427136
2717.7177177177177,0.742639186640729,0.17601138906825262,0.5685343248911271
2720.7207207207207,1.0725510773726639,0.2088018785159503,0.6062604963553295
2723.723723723724,0.8807812251020363,0.3133836086067366,0.6360894687051424
2726.7267267267266,0.9507634101017463,-0.03201611098997025,0.60650452390854
2729.7297297297296,1.3028428218815507,0.05898057669944691,0.5578378278880008
2732.7327327327325,0.9894238242866592,0.35166889545355096,0.6217581467920446
2735.7357357357355,1.0523574117043568,0.44209159158086236,0.5601280756156441
2738.7387387387384,1.1708768852159919,-0.024236019850003145,0.7696596305381758
2741.7417417417414,0.9566481030947217,0.10998363512881498,0.691736221415874
2744.7447447447444,1.1313293278618937,0.23327719588680876,0.6961942258358499
2747.747747747748,1.222181008973018,0.3407356287025449,0.7712288643506092
2750.7507507507507,0.9416345532857064,0.10572047027126483,0.6754937714168148
2753.7537537537537,1.052066217775136,0.11680160254073597,0.7444907483836649
2756.7567567567567,1.083655261669984,-0.07813268419679406,0.6439424995138561
2759.75975975976,1.248518772004555,0.13518412390834098,0.7062064612516559
2762.7627627627626,1.0596872192480358,0.12734950453546062,0.7113752168883316
2765.765765765765,1.3475967019640285,0.5146813777335134,0.7304827406897465
2768.7687687687685,1.1172114591363027,0.42546611656622824,0.7462461052967924
2771.7717717717715,1.390313270203501,0.4606658497206453,0.8277749450648474
2774.7747747747744,0.9321340193684814,0.30157317377133314,0.7834803982029777
2777.777777777778,1.1186010560983184,0.29750580144271777,0.69355940158047
2780.780780780781,0.9431255155825801,0.564021380378443,0.6588063626981504
2783.783783783784,1.1803538478620272,0.429720520388291,0.7383843204610802
2786.7867867867867,1.0559352339395334,0.6485164687027514,0.6492205939632939
2789.7897897897897,1.3842201558690357,0.5028021020503562,0.7064506732165402
2792.7927927927926,1.1045140572991854,0.3161082548577961,0.8793325823218985
2795.795795795796,1.2022173489977217,0.40134182597121176,0.7650921977604368
2798.7987987987985,0.9991131207200139,0.5314072206937107,0.912798702406851
2801.801801801801,0.9678002719651154,0.38526997044090655,0.8053077221583699
2804.8048048048045,1.0943258265957019,0.5621511721884199,0.8783589418588358
2807.8078078078074,1.2092545601538065,0.29818463565616476,0.6953694540338826
2810.810810810811,1.1599137987532369,0.7156500299773594,0.9401220847784836
2813.813813813814,1.0216017664799262,0.606512916561882,0.8159617724826385
2816.8168168168168,1.120265587183013,0.6730421881516344,0.9284912939030482
2819.81981981982,0.8239341897196125,0.5325386509563316,0.9229721818494205
2822.8228228228227,0.9958778225449842,0.42574888654418835,0.9086963992987283
2825.8258258258256,1.1650627191291196,0.5494482778723047,0.8856607510048307
2828.8288288288286,1.1646657120994246,0.14342462608642734,0.8471503304901888
2831.831831831832,1.2467816871291801,0.6924140221449844,0.9061063105943306
2834.8348348348345,0.758118839412481,0.3966373872617526,0.8062090746763021
2837.837837837837,0.9423190610666369,0.7005553014748204,0.9920347869602261
2840.840840840841,0.9550939300611132,0.5459864561535216,0.967658505820899
2843.843843843844,1.0041052285476944,0.6460491513443923,0.9111199212421879
2846.846846846847,0.9925728234140104,0.43773548076501717,0.9463983444233156
2849.8498498498498,1.2256020592700922,0.7167043220937659,0.8383988552516785
2852.8528528528527,1.0958918580717492,0.8796438875409883,0.9672055986014033
2855.855855855856,1.0917124600526886,0.8569677493314781,0.9726620610267843
2858.858858858858,1.2355357535325762,0.6766519896359032,0.8741218644753797
2861.8618618618616,1.137422248959258,0.6060264141481397,0.9736090699381408
2864.864864864865,1.2386273055176982,0.9097279494977163,0.8493808068270132
2867.8678678678675,1.1121152901489677,0.8438393374817494,0.9650482500315155
2870.8708708708705,0.9099499327550121,0.6138846541777931,1.0189373012352911
2873.873873873874,1.1792847861538325,0.5809784134516157,0.9419233956690661
2876.876876876877,0.9496070251909722,0.7539816832682211,1.1753215801551977
2879.87987987988,0.8516108083482458,0.9535429552450773,0.8188722484266165
2882.8828828828828,1.1556937117310786,1.1709800639542438,1.0336881943821787
2885.8858858858857,1.2427616635303966,0.7394771135274253,1.0875081734235192
2888.8888888888887,0.5591450565861256,0.7235335968066383,1.0236050558692413
2891.891891891892,1.2622307951831027,0.7644494298448805,1.1622810598746374
2894.8948948948946,0.7585366582119417,0.8501540766399645,1.0248281735665277
2897.8978978978976,0.8522242464443738,0.9815460974778175,1.114126620360008
2900.9009009009005,1.0056197455787197,0.9396232830645026,1.0418483931839375
2903.903903903904,1.0139288329420997,0.56192172372305,1.1540051538967873
2906.906906906907,0.8837047751256603,0.9046877587498684,1.0501272267275716
2909.90990990991,0.890278060399441,0.8403960455267413,1.0810377556507307
2912.912912912913,0.87320804397535,0.7935194742821261,1.1351357565500397
2915.915915915916,0.9197604076067564,0.7818975617979875,1.196944296106889
2918.9189189189187,0.9466059827002373,1.1212653711225133,1.1444040001342384
2921.9219219219217,1.1414892607187055,0.955218365389486,1.0914845526114567
2924.9249249249247,0.8139373961473872,1.1535875448694568,1.083010358914388
2927.927927927928,0.9150533109540661,1.1521142199296481,1.1395565935833292
2930.9309309309306,0.8691714220504397,0.8753213532827189,1.1896810814656702
2933.933933933934,0.7502972957451255,1.0184788983577304,1.2248644856296727
2936.936936936937,0.8972951928053825,1.2037713822893599,1.1763144366295397
2939.93993993994,1.15409398305037,0.7939571776004093,1.2437478760582354
2942.942942942943,0.7083458275897189,0.7696902024144155,1.121222543589391
2945.945945945946,0.958904897732979,1.2112256497883898,1.0928041393810461
2948.948948948949,0.8294292849588052,0.7278782775938157,1.172746514787535
2951.951951951952,0.750600634439193,1.3426647256670832,1.047531046658614
2954.9549549549547,0.5806613094620996,1.0016205662484692,1.160078297015023
2957.9579579579577,0.714315087430622,1.0727312339193549,1.2404950931185776
2960.9609609609606,0.5147098999354155,0.8797594610503008,1.233074078772519
2963.963963963964,0.7070150376747921,1.0326515454541794,1.1009000165554037
2966.966966966967,1.1303115104815984,1.0136786900895114,1.240898919090903
2969.96996996997,0.6008806990515767,0.9456665571338836,1.1382933823151073
2972.972972972973,0.662525353265867,0.7966611466264623,1.185048779640176
2975.975975975976,0.915290443491075,1.0269505570164952,1.291179375517692
2978.978978978979,0.8032427034964079,1.156214998908285,1.2557918245803676
2981.981981981982,0.4365179823711166,0.8894889121299403,1.1360509753027408
2984.9849849849847,0.2404037166329476,1.0436679202077317,1.3337853832479143
2987.987987987988,0.5116148419194455,0.9402591041605498,1.1989268076314303
2990.9909909909907,0.6693220252754782,0.7424327435108505,1.1300310950415446
2993.9939939939936,0.7549478072324599,1.009299628931989,1.188505069404266
2996.996996996997,0.8801988554113166,1.1432370942409642,1.1322637612788389
3000.0,0.8950163214668697,1.1339388184020323,1.2775552291087269
