Depth,SeismicImpedance,InstantaneousFrequency,Amplitude
0.0,1.31009060627906,-0.10994626723463573,1.3928355251415732
3.003003003003003,0.9754494585487743,-0.1721063404073407,1.5226248584354254
6.006006006006006,1.0472688773293446,0.023465880956322946,1.3297169331302183
9.00900900900901,0.938995035938715,-0.10233825803599032,1.0180563869620984
12.012012012012011,0.925130029900323,-0.12094847130492989,1.1464945011792673
15.015015015015013,0.8650750863076409,-0.038397667727851366,1.32233943111429
18.01801801801802,1.1824868108648947,-0.1408162462835854,1.4253408852991427
21.02102102102102,1.1376005099732518,-0.01985591208472282,0.8373845580229811
24.024024024024023,0.8289476576349463,-0.2091237687170358,1.1403003373859957
27.027027027027025,1.120362788180362,-0.0666389998160666,1.2570479192409696
30.030030030030026,1.1905065048688637,-0.029392533724266416,1.267964352400815
33.03303303303303,1.3800288361026793,-0.0706024244631331,1.4798351147366247
36.03603603603604,1.2285451785574932,-0.024440068543401864,1.397895341137514
39.03903903903904,1.0879309105530688,-0.08901803750805004,1.1248132644828435
42.04204204204204,0.9903948012634038,0.0393805181310719,1.2182710934378413
45.04504504504504,1.1979176082445604,-0.1363920425022801,1.2048632984473433
48.048048048048045,1.289097947686978,0.0019957268897348728,1.0338775651844443
51.05105105105105,1.2208068478963632,0.01988865136329827,0.9639683204970056
54.05405405405405,1.0730934726306591,0.12774754777068245,1.2830683094320696
57.05705705705705,1.122900424659245,-0.06571272542410589,1.4376931408335232
60.06006006006005,0.8216339287387364,0.009263985404494484,1.2738710470251182
63.06306306306306,1.117836506550434,0.03401398788269791,1.1062504186814681
66.06606606606606,1.2432706471655477,0.10978305177272779,1.2226004029476123
69.06906906906906,1.0041272297650776,0.06240205486711768,1.3493642506874883
72.07207207207207,1.0261688022851834,0.12055023504402884,1.0930640406796894
75.07507507507508,1.1914503954374411,0.18704116613038846,1.043138899410459
78.07807807807808,0.9906588554579479,0.07426181259683806,1.1456759135381491
81.08108108108108,1.2419846628174769,0.2464188194383978,0.9021590737057381
84.08408408408408,1.0304336152282796,0.13734556053352057,1.132261233738284
87.08708708708708,1.130287125014008,0.2951424146245403,1.0594179819157252
90.09009009009009,0.8942377969390255,0.13405304382944658,1.313166162169372
93.09309309309309,1.0289268828486258,0.02283809765363297,1.0852606281771093
96.09609609609609,1.2049400899787803,0.14066244391646404,1.081687809681926
99.09909909909909,0.714743324456711,0.2644877571100288,0.9696163022893046
102.1021021021021,1.1432030346660793,0.24511888895773787,1.1772811332999753
105.1051051051051,0.5718133149568108,0.33754162237795404,1.0044066818047248
108.1081081081081,0.8729357617782009,0.3005353960535369,0.9988682873533947
111.1111111111111,0.9828466091551791,0.33955618875875854,1.0487086744020693
114.1141141141141,0.7770731858105802,0.26754602335418776,1.3912254548446303
117.1171171171171,0.9048591570302276,0.3629220193190462,1.0265344289670262
120.1201201201201,1.0476658649718509,0.14691806129748258,1.165096685673151
123.12312312312312,0.8798829561665018,0.35524709107355873,1.1028060659129872
126.12612612612612,0.506862973920052,0.27572437031305136,0.774762324631135
129.12912912912913,0.9357220349750878,0.44070867281324044,1.111619508817886
132.1321321321321,0.9583792386153853,0.33752745645169663,1.2666049543632212
135.13513513513513,0.7992505958142313,0.37457558690779763,1.1591984031342324
138.13813813813812,0.7629203031595145,0.20187828818611844,1.0057951009589965
141.14114114114113,0.7595482828210688,0.41763572820014555,1.3436633354931165
144.14414414414415,0.47796708278711325,0.40161933517544957,1.0649883770228115
147.14714714714714,0.6600814917950256,0.340594761176883,1.1485672102356084
150.15015015015015,0.9784542036296584,0.272558189533479,1.1756283442742315
153.15315315315314,0.8610903573857682,0.3310409727800161,0.9642472643631028
156.15615615615616,0.7871240795850498,0.4861031784660301,0.7151037435152374
159.15915915915915,0.5907884583304541,0.3690874137009637,1.2194532790722947
162.16216216216216,0.5909294498972311,0.4741000154203461,0.9760517618477779
165.16516516516515,0.7233673227294768,0.43886784309394505,1.035131674610604
168.16816816816817,0.6279367162361801,0.34368455996594993,1.006969312460146
171.17117117117115,0.5993669022486768,0.42309092804470516,1.443999374809971
174.17417417417417,0.49027043488423605,0.49118977868298713,0.9988363142774533
177.17717717717716,0.6380518310998277,0.6226448970099697,1.0830109736542952
180.18018018018017,0.42718235961800105,0.46889568812268456,1.111062110016467
183.18318318318316,0.48469963879610933,0.49706742243843277,0.9388773578178768
186.18618618618618,0.6406101393088648,0.6003194815585855,0.9802389248786129
189.18918918918916,0.185438902633086,0.5175663212889859,0.8212035402567571
192.19219219219218,0.5334566576961537,0.5717613304170561,1.0435555848146456
195.1951951951952,0.27687400391277295,0.5798959476302974,0.8619463764361984
198.19819819819818,0.017200651114980075,0.715906141218122,1.0760509132667828
201.2012012012012,0.2129100851700398,0.6205423655109581,1.0898936904331866
204.2042042042042,0.2038219779438346,0.5193871400368684,0.9647046469860243
207.2072072072072,0.5163222924529192,0.5659062806867057,0.8748587347843837
210.2102102102102,0.5043150592525062,0.5995523646735705,0.7955572681236942
213.2132132132132,0.6815039742958516,0.754034338507086,0.767013876687567
216.2162162162162,0.23918831765264278,0.6183850956451793,1.022570122392761
219.2192192192192,0.23151769073460132,0.8141000874819154,1.2188448088508015
222.2222222222222,0.23980154448482702,0.6298454318804019,0.9060709807064959
225.22522522522522,0.49041746494365035,0.7069094608980635,1.1166967520101085
228.2282282282282,0.3288682331986182,0.6313129250623947,1.063997529775109
231.23123123123122,0.20235634471616207,0.5944141395066858,0.8249580220190554
234.2342342342342,0.039495994881608126,0.6322041833851069,0.8657117952960632
237.23723723723722,0.4684672995331741,0.7990923700341799,1.1390100832342815
240.2402402402402,-0.12977541107440468,0.7416914630199819,0.6916060131933509
243.24324324324323,0.0695106016777689,0.6748191998353038,0.6690625078125014
246.24624624624624,0.05758617638759894,0.7499267487177989,0.8224106233615376
249.24924924924923,0.16519770418458243,0.6625418327959944,0.7471964538743031
252.25225225225225,-0.1717766469353394,0.6202697131781701,0.5184140172494824
255.25525525525524,0.22844226703798176,0.7957267332386293,0.6827699551010845
258.25825825825825,-0.031827610855995114,0.783251582580073,0.6954776850496208
261.26126126126127,-0.19072194184132157,0.8572098680866223,0.379606459409463
264.2642642642642,-0.1707961968199594,0.8146987037789003,0.8702790205260924
267.26726726726724,-0.09263359614225186,0.904180711350396,0.6324455331878726
270.27027027027026,-0.2021083048788382,0.6923862177646901,0.9424340844601354
273.2732732732733,0.003936326628993642,0.7526176032142369,0.5957370671222552
276.27627627627623,-0.31476519759507265,0.8186653285484025,0.6421343027157899
279.27927927927925,-0.11819708502537841,0.8587083183485461,0.9262957410101841
282.28228228228227,0.10322855574755763,0.6824371030514582,0.8213613138737211
285.2852852852853,-0.1883841414059607,0.9385109230272068,0.7171275137971856
288.2882882882883,-0.10404769011886482,0.9050979356165729,0.45685623539578685
291.29129129129126,-0.15051104597753964,0.8285916276621004,0.5340553416110452
294.2942942942943,-0.6135569851594644,0.8470255250948256,0.8739137241196793
297.2972972972973,-0.14642198411451313,0.7756904933032219,0.6226508764495055
300.3003003003003,-0.3897708434300978,0.9512311154792209,0.4325554499303301
303.30330330330327,-0.2621262485981221,0.8711337203542935,0.7272294366522702
306.3063063063063,-0.24736315834336733,0.8286509325304019,0.5638245994110952
309.3093093093093,-0.37619574514239745,0.9419544112866114,0.534034087050947
312.3123123123123,-0.44538738805644495,0.7829649402251974,0.8026643014935567
315.3153153153153,-0.7100708551301241,0.9268208294162226,0.6699798460690854
318.3183183183183,-0.4040865172904728,0.928366461743529,0.5679236666362527
321.3213213213213,-0.5464741983001387,0.9890682700159767,0.5164681358380245
324.3243243243243,-0.5136636995620658,0.9402022982414383,0.5558406302945895
327.3273273273273,-0.4598307743214147,0.9107410683637155,0.6835118494381032
330.3303303303303,-0.8242988373739943,0.9374542094344948,0.5092039569598458
333.3333333333333,-0.5163621714543823,1.0448432458081376,0.6163129997517202
336.33633633633633,-0.48185419869129525,0.9496366677165278,0.633460333063111
339.33933933933935,-0.792892797029443,0.9874503029078223,0.5678768625902295
342.3423423423423,-1.0407210553735817,0.7653827498978384,0.3227274115199651
345.3453453453453,-0.4543340049693424,0.9917591784231335,0.543798396314396
348.34834834834834,-0.7125334601636933,1.0276996086830716,0.7402234458215622
351.35135135135135,-0.7702394880224073,0.9179126721310212,0.7809661355069902
354.3543543543543,-0.8767527986358377,1.012573291247361,0.23315664550224022
357.35735735735733,-1.0060131357710522,0.9795234654153842,0.3568653499738586
360.36036036036035,-1.0416280933125317,0.9112915112846357,0.43493722435328785
363.36336336336336,-0.9458743779148321,0.9647723536480041,0.3056869120181706
366.3663663663663,-0.9859586363909607,1.2077838855506537,0.4758593404052882
369.36936936936934,-1.0833491584338941,0.9731332301209229,0.6868021369326076
372.37237237237235,-1.2004745705548858,0.9489111798527572,0.4460289760703275
375.37537537537537,-1.0634208190272816,1.050565293494808,0.8793228729240493
378.37837837837833,-1.3017164167199284,0.9549058636338185,0.30816806807027247
381.38138138138135,-1.4091012352095262,1.1081646665573663,0.11189012064736069
384.38438438438436,-1.4078011447208025,1.1122360219106138,0.42149626410999286
387.3873873873874,-1.4747282943976059,1.0334428095086607,0.4011662687703388
390.3903903903904,-1.149072414026824,1.0258824076288147,-0.04400068824675188
393.39339339339335,-1.3967862096508115,1.1272160139813796,0.27824493882753837
396.39639639639637,-1.184536125766998,1.1181248677635451,0.09686316786931694
399.3993993993994,-1.2776088653772375,1.0935893775203012,0.2629848116900446
402.4024024024024,-1.092111303540286,1.0686248352432504,0.2637749562148235
405.40540540540536,-1.2842265313189962,1.0833994880039302,0.41325987700478917
408.4084084084084,-1.307819617670482,0.980801834802407,0.024817971776498166
411.4114114114114,-1.5508917340209711,1.185495474367713,0.19828052497543472
414.4144144144144,-1.7780071318972737,1.2647126249138916,0.3472436050401813
417.41741741741737,-1.4237042304049434,1.0915487072080021,0.10018598808782993
420.4204204204204,-1.3705374005227235,1.0894927646681543,0.4170751666477041
423.4234234234234,-1.6529787590293292,1.0958928552092233,0.24688617788358505
426.4264264264264,-1.702186799435757,1.202057914884716,-0.22432786694659318
429.4294294294294,-1.7137043250832178,1.2372217170197224,0.40809560881755774
432.4324324324324,-1.7945631493248586,1.1395662426191577,-0.06021259539961204
435.4354354354354,-1.5264831996623236,1.0627100142055945,0.2835225944903321
438.4384384384384,-1.7684571157720845,1.191874759748734,0.027577374020537133
441.44144144144144,-1.6553904523951692,1.1550237192645105,-0.06819452451279076
444.4444444444444,-1.7548170266764234,1.1530076951817407,-0.049903982304735695
447.4474474474474,-1.9801958332645497,1.1855672003965516,-0.1061605412581103
450.45045045045043,-1.567967042550541,1.2808812158342784,0.10574946009476127
453.45345345345345,-1.9356413629677847,1.205450043272819,0.1632080565893044
456.4564564564564,-2.0597260266468953,1.1637885054070998,0.05893074907542782
459.4594594594594,-1.7392100865749178,1.1979726865432234,-0.06650593285769578
462.46246246246244,-1.8919026411423747,1.2033371725076358,-0.2215928071881339
465.46546546546546,-2.0851934440095183,1.1745944321112236,0.028858854596619098
468.4684684684684,-2.22170319045136,1.2008594701602195,-0.20730598384354076
471.47147147147143,-2.323488672129091,1.2717110800319147,-0.006524637970809212
474.47447447447445,-2.2128305298901347,1.2493980000617917,-0.2527295095381228
477.47747747747746,-1.9572429263780058,1.3357364005143662,-0.23661158751238487
480.4804804804804,-2.135979717283706,1.1695488346092546,-0.21580981865997453
483.48348348348344,-1.7985812534228895,1.1526844910512635,-0.0015550767283131837
486.48648648648646,-1.9975349042138535,1.2132093028920619,-0.1582995809346107
489.4894894894895,-1.7629955664922863,1.1859534164984096,0.02161482815962121
492.4924924924925,-1.9997483010889976,1.3959008272559472,-0.4534539643459593
495.49549549549545,-1.809935884532096,1.181322140096658,-0.22892623163451392
498.49849849849846,-1.786397562276201,1.123620246048835,-0.18192054578366904
501.5015015015015,-1.7933218063774068,1.371371110471663,-0.4328371168562463
504.5045045045045,-1.7387305587268964,1.1943960233521913,-0.30231370815398073
507.50750750750746,-1.7844231795133114,1.365055132333607,-0.7477124422494258
510.51051051051047,-1.6994758036569877,1.3380994272574378,-0.3418018891030586
513.5135135135134,-1.347222236856341,1.2136023384002195,-0.2620135843356813
516.5165165165165,-1.5733421296474364,1.1597851684261533,-0.4836170362447454
519.5195195195195,-1.3565635025053984,1.2808860585541646,-0.4455073578118171
522.5225225225225,-1.320015527053223,1.2527285403039077,-0.32285514199429577
525.5255255255255,-1.4250739122783354,1.263499098859607,-0.09813886999379151
528.5285285285285,-1.287825328268839,1.2566488329958496,-0.30934471215659315
531.5315315315315,-1.3751698691743324,1.2277000683341797,-0.5065728955788035
534.5345345345345,-1.4158506033266909,1.2124409791844983,-0.12295655818652844
537.5375375375376,-1.429623350824661,1.2887926860988062,-0.478611821401168
540.5405405405405,-1.464794507543662,1.40006560700212,-0.34942447795638515
543.5435435435435,-1.4638266268833136,1.3831765316317035,-0.5223282748961159
546.5465465465466,-0.9881354143043275,1.3090012789340448,-0.5773507560921793
549.5495495495495,-1.2643542396398026,1.3492703916273887,-0.6088869721450102
552.5525525525525,-1.2255455417896228,1.3534722055579715,-0.5008009925520756
555.5555555555555,-1.0537685781121418,1.3873160696353248,-0.9761168618479918
558.5585585585585,-1.6311931040989467,1.2273417944023128,-0.6585759809059728
561.5615615615616,-1.087338685216218,1.333540678699323,-0.39909382186525344
564.5645645645645,-1.0706605365213917,1.2540192289433618,-0.8111394751821398
567.5675675675675,-1.0658002698973261,1.34174865808578,-0.9517160982931603
570.5705705705706,-1.1444733868838974,1.3051326270022157,-0.7714457088295505
573.5735735735735,-1.0869038387226504,1.2881222634709422,-0.7070133610171924
576.5765765765766,-0.8185859964789688,1.2013132848758317,-0.6332949113228414
579.5795795795796,-0.7349956360762875,1.2451699449058797,-0.7864245387744714
582.5825825825825,-0.822208979380193,1.316560722687566,-0.9043648786669084
585.5855855855856,-0.8734473158738802,1.20954962003791,-0.6707460906972535
588.5885885885886,-0.8562889821597431,1.3005023185993447,-0.6744155876764016
591.5915915915915,-0.8779506429033135,1.4139289665044132,-0.9729470304000932
594.5945945945946,-0.9949594485723894,1.3868873698095592,-0.8813353632356181
597.5975975975975,-0.7359217473320535,1.3028056363195926,-0.8468391321602629
600.6006006006006,-0.8842934887614279,1.2694568784807105,-0.79509112603993
603.6036036036036,-1.0103879021694038,1.4206847036483987,-0.9469071383382398
606.6066066066065,-0.720797898147428,1.3268997014274098,-0.7841869719520328
609.6096096096096,-0.7451581653777398,1.38740476337591,-0.735893914933743
612.6126126126126,-0.6916519583454409,1.2718196768459784,-0.5661832175299233
615.6156156156155,-0.6623877214058755,1.3014920478770136,-0.9301522584415668
618.6186186186186,-0.7923329927875099,1.3283690166925481,-0.9266371969895939
621.6216216216216,-0.6507459790794659,1.3838857485631804,-1.0429482837180053
624.6246246246246,-0.6337752511241486,1.4119246261425573,-0.7448160803693009
627.6276276276276,-0.7680787146841064,1.411771783764558,-0.8843250456468925
630.6306306306305,-0.42286040342037545,1.3183691340087051,-0.9999371976987075
633.6336336336336,-0.31788175943313773,1.293291785074627,-1.1668818324281216
636.6366366366366,-0.4571371315238025,1.4114668653054547,-1.1473591026694607
639.6396396396397,-0.43309104039208846,1.3633906887671903,-1.1842323481962935
642.6426426426426,-0.38585829678155753,1.3417162978501675,-1.1342307236646008
645.6456456456456,-0.3112513355739699,1.3290639757276415,-1.2897642754499086
648.6486486486486,-0.5038270449635129,1.3762649147299804,-1.0392244193263653
651.6516516516516,-0.3037001797879404,1.309298351748457,-1.2463076764621053
654.6546546546546,-0.34355551806691076,1.3418031547407847,-1.2948767318029166
657.6576576576576,-0.41052379298673963,1.4725542892152448,-1.1464516037802517
660.6606606606606,-0.2486866408414901,1.269878265374247,-1.1529531313549528
663.6636636636637,-0.3397873986496735,1.3750198569600167,-1.3576283371125921
666.6666666666666,-0.22969819990273518,1.3513462613263154,-1.129079187868673
669.6696696696696,-0.014524288653290503,1.374179006711174,-1.2825584906516743
672.6726726726727,0.15661517612719597,1.2511055713551005,-1.404799041000868
675.6756756756756,-0.169622624566607,1.230011655453507,-1.532123046881499
678.6786786786787,-0.26344958695790005,1.4107919852755268,-1.4327449236960657
681.6816816816817,0.1472642388513356,1.2137076010811856,-1.3763487085053185
684.6846846846846,-0.18191638237102414,1.333308508823802,-1.6800991783744743
687.6876876876877,0.061711116292777965,1.3081037949324414,-1.0374869361512298
690.6906906906906,0.04339241007083001,1.3139154986840524,-1.287008729709499
693.6936936936936,0.08822893751772595,1.3609675584326764,-1.3327236001151253
696.6966966966967,0.03422147020432068,1.410802887539531,-1.4741281967519821
699.6996996996996,-0.10486143292173905,1.3873319999207854,-1.4028809360684238
702.7027027027027,0.23937069476528852,1.2713265099856899,-1.3216651290260555
705.7057057057057,0.11458099178663804,1.244492109885388,-1.4346673963763201
708.7087087087086,0.01730300140754213,1.3356725067208515,-1.5832630241726762
711.7117117117117,0.22119248745775918,1.2878514451648582,-1.2482045224218805
714.7147147147147,0.09625262659423481,1.2411544926793525,-1.2543850464186688
717.7177177177176,0.5976991400229188,1.271840502386285,-1.5553782837556736
720.7207207207207,0.348457193803565,1.2026460470232538,-1.5895836816552575
723.7237237237237,0.13774408776744512,1.2670470896209511,-1.8426409566028552
726.7267267267267,0.2799310617797624,1.2369408819210597,-1.5120293897479826
729.7297297297297,0.21911034631528264,1.3559554631219015,-1.6654785351521153
732.7327327327326,0.19910447993888175,1.19260817049069,-1.6230727964513296
735.7357357357357,0.22331198483938652,1.2874331253264428,-1.3854838603012778
738.7387387387387,0.33628406500229374,1.401259383318654,-1.735069988469769
741.7417417417417,0.4507699671260801,1.2175849611459717,-1.9922025254387807
744.7447447447447,0.41907545735666885,1.2806959374288203,-1.6349565977242004
747.7477477477477,0.38795355886072935,1.2285552497348091,-1.8329041868415206
750.7507507507507,0.5196773961854363,1.2361569395967662,-1.8618919380888053
753.7537537537537,0.6448172445578013,1.205696319473616,-1.8017058343109684
756.7567567567567,0.41945807121862555,1.2128647214222916,-1.869317325717717
759.7597597597597,0.7372280696244856,1.2783692056018425,-2.054770123222131
762.7627627627627,0.7741897353590539,1.1368661720879705,-1.827279635607696
765.7657657657658,0.40448914622502113,1.2130642610094868,-2.0770156085076192
768.7687687687687,0.5934051154470437,1.2591227263394138,-1.7522732269751207
771.7717717717717,0.560466107042488,1.1400767060179713,-1.807493852572434
774.7747747747748,0.6928115579527077,1.3321885211917166,-1.8972399467781507
777.7777777777777,0.8786130448021796,1.3198296836574732,-1.7244848400327362
780.7807807807808,0.7942074869261946,1.1273285815353309,-1.774050250337333
783.7837837837837,0.5411332605066247,1.26182555729323,-2.203218182888474
786.7867867867867,0.7699411541927692,1.313815910326494,-1.9053860437975767
789.7897897897898,0.7179101416539798,1.2326390369829832,-1.974140377308464
792.7927927927927,1.0100682621757815,1.187419676003572,-1.9121969264393543
795.7957957957957,0.7441414641646837,1.1341394781196483,-1.9046926956775299
798.7987987987988,0.686634743203586,1.1568335668706788,-2.0211855798987024
801.8018018018017,0.7831676045526361,1.1148935729579137,-1.838722207317531
804.8048048048048,0.764822795627458,1.1466666020098166,-1.9659527668225891
807.8078078078078,0.6010415115774987,1.1729018481883797,-1.9911671231914652
810.8108108108107,0.7072853991160164,1.2688584725357528,-1.8236358507258432
813.8138138138138,0.6844813984138365,1.1949043919215294,-2.0277692227752686
816.8168168168168,0.656766859352495,1.2555009199226326,-2.0257881478299606
819.8198198198198,0.6512225127000211,1.2323611936539787,-1.7847059868172255
822.8228228228228,0.87719347467367,1.1575499440592585,-2.1235854910638934
825.8258258258257,0.8749005180013463,1.2378631618693758,-1.6641889983289324
828.8288288288288,1.0872014762447426,1.2515928051558662,-1.9676371361777418
831.8318318318318,0.7384153624356493,1.1399483510568513,-1.6270897441341556
834.8348348348347,0.8016617203705406,0.9876383860730483,-1.497433187659783
837.8378378378378,0.8281638824654735,1.1409203460143658,-1.680325745910674
840.8408408408408,1.1784035857725916,1.130185228254588,-2.0320585102290076
843.8438438438438,0.892527367627195,1.1038110798804095,-1.7639998306013591
846.8468468468468,1.1565762410776521,1.043734435423585,-1.4016258539142619
849.8498498498498,0.5005042757794628,1.045485761882363,-1.7770366644944002
852.8528528528528,0.8122309180626178,1.1016463003745163,-1.801531208649003
855.8558558558558,1.3227115576718864,1.1035672683666344,-1.4219821961198365
858.8588588588588,0.8834322346112995,1.0790842487928276,-1.8096617056680189
861.8618618618618,1.1331465462206571,0.9768857332531481,-1.541392972751247
864.8648648648648,0.8579476308635643,1.086857849667815,-1.511309698705647
867.8678678678679,0.7828337273405509,1.1083289126407825,-1.77774693364424
870.8708708708708,1.0844994169428193,1.1701421189389938,-1.3550464733496395
873.8738738738738,1.0469172699624647,1.0274494200003075,-1.4540985378745046
876.8768768768768,1.0435255691217087,1.0457218795352163,-1.2634697031846118
879.8798798798798,1.3787751494422968,1.132446522993425,-1.2659375506073713
882.8828828828829,0.9195579866299275,1.1463168382310582,-1.4081841992748985
885.8858858858858,1.0258598137995942,0.9851187939007059,-1.3228472847483954
888.8888888888888,1.2429983553055908,1.0882087357108998,-1.2295159797315067
891.8918918918919,1.2678557521995475,0.9173425719704186,-1.1698797844568045
894.8948948948948,0.9597974422871434,1.0485877861803357,-1.1399124489416017
897.8978978978978,1.1707189286097783,0.9437084064159654,-1.1373367689099858
900.9009009009009,1.1048217806748597,1.0108733462478525,-1.1498164468573828
903.9039039039038,0.8896254051439952,1.022721515508251,-1.2502334096623213
906.9069069069069,1.2195560725583396,0.8285517813452679,-1.3094595021243602
909.9099099099099,1.0466126388563675,0.9638328565102373,-1.1343820208065687
912.9129129129128,1.0371916240140862,0.9723780949555093,-0.9469941717009578
915.9159159159159,1.0471112643044194,1.0275717011182504,-1.21762366501234
918.9189189189188,1.2022227714705087,0.988277137886674,-1.210647338156652
921.9219219219219,0.8000392485957936,0.9604541057822923,-1.1029995834716397
924.9249249249249,1.1249567188357734,1.015934506827437,-1.3209274553846295
927.9279279279278,0.9952343820064944,0.9121831378769827,-0.9536354838087203
930.9309309309309,0.8803660331245747,0.9581313394520502,-1.2899154953674765
933.9339339339339,1.0069957066549242,0.8295636347044916,-1.1354172549601897
936.9369369369368,1.0657424712989398,0.9314300941125772,-0.7561653695544993
939.9399399399399,1.0934340577616377,0.8708214744199567,-1.1018500481136262
942.9429429429429,0.9244763807173528,0.9858094593660641,-1.121301522010971
945.9459459459459,1.1267195324098511,0.8459805044093442,-1.038527035479487
948.9489489489489,1.0526022134175652,0.9326249724721754,-1.0993259279908256
951.9519519519519,0.8722666324559326,0.8980633432838132,-1.1587524104465576
954.9549549549549,1.0816624573722227,0.9556423367604302,-1.0439936215373034
957.9579579579579,1.1316356347482732,1.0286584636160547,-0.7731350362116688
960.9609609609608,0.9192141291410154,0.9166779980580069,-0.9449431105683798
963.9639639639639,1.2993461106418998,0.7441817783498177,-0.8072644844155714
966.9669669669669,1.3556398986789666,0.8567401413632012,-0.9040714762836124
969.96996996997,0.6939748707012835,0.8125565504611785,-0.7535862490692325
972.9729729729729,1.0625144398179367,0.9547266209474728,-0.9156068446155456
975.9759759759759,0.8835260601555966,0.7815216301491573,-0.8012863857253311
978.978978978979,0.8379060964401456,0.6909436209369945,-0.569065356816949
981.9819819819819,1.2066235304448465,0.736106528660398,-0.9227387750249048
984.984984984985,1.0224510060756713,0.7945640783305299,-0.8108454727239865
987.9879879879879,0.9945012347169018,0.8033582465382085,-0.751820937168949
990.9909909909909,1.131333580214627,0.8172651658553964,-0.6749702997815571
993.993993993994,0.9963235126291342,0.7689112040864962,-0.855377979457553
996.9969969969969,0.8021060798307209,0.7685934713435016,-0.63785946510133
999.9999999999999,0.9620766450822009,0.786047564489473,-0.6734050231071061
1003.003003003003,1.2305070773053146,0.8413389343174332,-0.7276942641795134
1006.0060060060059,1.02140451475859,0.8388254702633718,-0.9567065519132454
1009.009009009009,1.1253052027972794,0.782570602283268,-0.3934184541128294
1012.012012012012,0.9807111299558477,0.7189962106214648,-0.6069402772989131
1015.0150150150149,0.7412428278695435,0.6839646447927703,-0.909172565061534
1018.018018018018,0.7716407875618967,0.7122309603674692,-0.654561180289651
1021.0210210210209,1.0812276590735066,0.7280913053017857,-0.6311525640380016
1024.024024024024,1.0565969332825833,0.6914553572771678,-0.36837750192626195
1027.0270270270269,1.2644118621485443,0.6472269937646914,-0.2920462232921053
1030.03003003003,1.1295028029002192,0.5734156885084358,-0.3526025687418796
1033.033033033033,0.9383790461440936,0.6807611334668154,-0.7698555629349686
1036.036036036036,1.1310696378318232,0.6476578344006985,-0.7078576510419344
1039.039039039039,0.5744328806809892,0.5198228448911855,-0.13839168246241937
1042.0420420420419,0.7978741961338637,0.6232882359773825,-0.3290538316419526
1045.045045045045,0.812701633093691,0.672035496166828,-0.4943575589595761
1048.048048048048,0.5319255792994562,0.4422686922801107,-0.48357732649361523
1051.051051051051,0.8980171478589769,0.5089247017413783,-0.07852862975137453
1054.054054054054,0.6968037074174542,0.6162914466650081,-0.20978335548553126
1057.057057057057,0.8500395814369324,0.5897331022294212,-0.3676786949227399
1060.06006006006,0.9928709758047327,0.7046247176770823,-0.3879349750048918
1063.063063063063,0.6856216098318926,0.4981681280528168,-0.33465119072994903
1066.066066066066,0.749254697829943,0.5685649273543869,-0.1363388023912374
1069.069069069069,0.9269263126681169,0.5285676733232914,-0.24231010807116618
1072.072072072072,0.6036971557380075,0.33260291457407637,-0.5544546934653849
1075.0750750750751,0.9948034867707019,0.41043164837428314,-0.04370664118563423
1078.078078078078,0.7691930937383491,0.5163816511830513,-0.3206828396864593
1081.081081081081,0.4960401971972278,0.5045294136549652,0.03254812128282068
1084.084084084084,0.6956002063809733,0.41270184836773394,-0.10528076419206453
1087.087087087087,0.9221663106556272,0.5105261193735642,-0.4117235653062163
1090.09009009009,0.556807538110551,0.4889347982243205,-0.05739541045834433
1093.093093093093,0.8405174368873981,0.3241931247849915,0.0008144869270351559
1096.096096096096,0.578158402035593,0.4394926379493259,-0.2193680004722506
1099.099099099099,0.5117565526712095,0.39057612354956867,0.13256993415395787
1102.102102102102,0.6705106804144851,0.3086435838899618,-0.2667726642430481
1105.105105105105,0.8174956036862384,0.4930743709105602,-0.3178205761435468
1108.1081081081081,0.4742319919407617,0.35793589862397907,-0.119123763269787
1111.111111111111,0.3353893808103507,0.4275256094613688,-0.20848501210927156
1114.114114114114,0.6614695925097756,0.29770797869689464,-0.20176277295498765
1117.117117117117,0.6824685628810253,0.3866336701271953,-0.004712930080124567
1120.12012012012,0.6065496615870246,0.4622448793143692,0.090300241294007
1123.1231231231232,0.6564580866683233,0.3556626613868838,-0.0001111903664468609
1126.126126126126,0.49654348801736164,0.37348443928706665,0.13804335508347046
1129.129129129129,0.39283527178487004,0.2739207213667328,-0.3235454213417451
1132.132132132132,0.424110590915065,0.3146972004398602,0.21426612312927823
1135.135135135135,0.7079022684046775,0.3909904877824962,0.02728918828221299
1138.1381381381382,0.40234176434054714,0.20092970762995596,-0.036568039810377935
1141.1411411411411,0.45241010201588655,0.40494177256833497,-0.11023554991530461
1144.144144144144,0.49448479774507614,0.3276252479768647,-0.16078535795183055
1147.147147147147,0.5452949729483544,0.37813680655369103,0.18705332294330126
1150.15015015015,0.22576362141027792,0.3337707450117932,0.4719584135110181
1153.1531531531532,0.2859028942632184,0.27406707191160756,0.005565537291421028
1156.1561561561562,0.19290149533396136,0.22932213143704674,0.09256347607561909
1159.1591591591591,0.5516223618118228,0.22341355598654591,0.1968585329641924
1162.162162162162,0.26510665010625334,0.16485810557733302,0.4361035708964284
1165.165165165165,0.18169767569861858,0.12754187064696215,0.19617884078260053
1168.168168168168,0.4166972236205064,0.1371903129514906,0.07592345884935874
1171.1711711711712,0.16875962876171824,0.21776562954856094,0.2962421182309957
1174.1741741741741,0.25539409127426665,0.11054713457721743,0.2884202675960001
1177.177177177177,0.4321423631173124,0.15076214090046075,0.14666577912720868
1180.18018018018,0.3514304825588708,0.18843933784676942,0.22945589751624668
1183.183183183183,0.4016646999064514,0.15805786618765472,0.4880612340140704
1186.1861861861862,-0.006287364851976415,0.134430650931261,0.152879796134815
1189.1891891891892,-0.0056770696558299544,0.020827326944602233,0.629406894612638
1192.1921921921921,0.08892673979410626,0.3102756114108056,0.3246998080274051
1195.195195195195,0.10145698446870419,0.13431875272379376,0.2024539789662422
1198.198198198198,-0.21115170656475554,0.08744745706899103,0.36149314556583734
1201.2012012012012,-0.033004076227097445,0.12818416219177842,0.20081991409951314
1204.2042042042042,0.20732685067246012,0.007013400699068896,0.43080707078591807
1207.2072072072071,-0.04335961703419126,0.052502044272906036,0.60088980542728
1210.21021021021,-0.19897335039345704,0.06137989471651303,0.31478864151786334
1213.213213213213,-0.17493113740100397,0.04796823172230502,0.40015971906046216
1216.2162162162163,-0.35570021487823666,-0.16432639561075932,0.5477715306877505
1219.2192192192192,0.019140973936571166,0.04088536404850654,0.3005453426178817
1222.2222222222222,-0.06396523117497327,0.012545672689169904,0.3252223414694229
1225.2252252252251,-0.49507875169737425,-0.12929464983195574,0.43094030892385743
1228.228228228228,-0.12348738654002052,-0.08556579342522438,0.4191543359796019
1231.231231231231,-0.13090197033092651,-0.07865605519358411,0.6241693631511533
1234.2342342342342,-0.10318240660752677,-0.001382899097951045,0.704353603549585
1237.2372372372372,-0.5917802716275801,-0.10552894124948686,0.3813042055651052
1240.2402402402402,-0.12671504215075344,-0.22215878841504613,0.6900478775493096
1243.2432432432431,-0.1755687578501914,-0.061810570603183804,0.47543945176074115
1246.246246246246,-0.38865817634223754,-0.12183525639569906,0.5673567764879769
1249.2492492492493,-0.4723201394132618,-0.04244897895040484,0.6599487232756194
1252.2522522522522,-0.5933980222647665,-0.15901054527101305,0.7527784219990625
1255.2552552552552,-0.794037831146835,-0.19804831174322088,0.8512282505739512
1258.2582582582581,-0.36427213534416364,-0.049934139647120526,0.4237569996969961
1261.261261261261,-0.9868436511791815,-0.23540040276961463,0.7172397346811437
1264.2642642642643,-0.5854090528764107,-0.14524488677729425,0.7511409151407135
1267.2672672672672,-0.4816363381910061,-0.1961951283035101,0.5174566942017642
1270.2702702702702,-0.6163455334708987,-0.12873169185943076,0.41607593731353615
1273.2732732732732,-0.5265469154268425,-0.2026673532033628,0.5902998569255018
1276.2762762762761,-0.6952733809230415,-0.14830229757689567,0.7822902550615364
1279.2792792792793,-0.8406329064263585,-0.19879990228684977,0.810855031501067
1282.2822822822823,-0.8419518891553815,-0.22315475526331444,0.563212944148291
1285.2852852852852,-0.9546951607855788,-0.20805310007631217,0.5843478805727134
1288.2882882882882,-0.8425827893814332,-0.28984702464372153,0.7195083846098531
1291.2912912912911,-0.9705537750951063,-0.218195222752482,0.6597630073858863
1294.294294294294,-0.6889863084587394,-0.43313967295052064,0.8872903164737534
1297.2972972972973,-1.0792308299058466,-0.39345021660687873,0.842644816292964
1300.3003003003003,-0.9373075930460407,-0.15831125554878892,0.9579254079428202
1303.3033033033032,-0.8808934485062505,-0.24247634890815764,0.9514438364286258
1306.3063063063062,-0.930621410833671,-0.3398298304026826,0.7570627009778207
1309.3093093093091,-0.8392049612195139,-0.1454748306597506,0.9049659589824034
1312.3123123123123,-1.2807078202780455,-0.41739164288334396,0.8527859214888539
1315.3153153153153,-1.2493107217595587,-0.3218087525054924,0.7858366340895439
1318.3183183183182,-1.2528100147361805,-0.3678339141237416,0.5326799724277229
1321.3213213213212,-0.9749449240166393,-0.2701586649194036,0.827865849475526
1324.3243243243242,-1.16607968818903,-0.3524732063219197,0.945320874439565
1327.3273273273273,-1.2415783111847698,-0.3645664384415426,0.8164321975541957
1330.3303303303303,-1.084126622891528,-0.2687070217085978,0.7886947569742108
1333.3333333333333,-1.1894102553122161,-0.4095378788690921,0.9011498170179588
1336.3363363363362,-1.5319816110722417,-0.4669751798729997,0.9090908563589858
1339.3393393393392,-1.31702229805912,-0.4007215935045627,0.903297811213608
1342.3423423423424,-1.2987115094515822,-0.5839341036231946,0.8368354645978853
1345.3453453453453,-1.119523406851186,-0.37396832064539426,0.6022920328398519
1348.3483483483483,-1.3127015719276711,-0.43575567891533445,1.1784822080162658
1351.3513513513512,-1.3782944641825037,-0.40012823309058965,0.8490223442493582
1354.3543543543542,-1.419843768786594,-0.4247811797967901,1.143288728675467
1357.3573573573574,-1.6615117848840686,-0.501811126673665,0.8957673092139828
1360.3603603603603,-1.7787345394957776,-0.515356098272011,0.9689474039000208
1363.3633633633633,-1.718319128575877,-0.5208636774808114,1.1129950309367564
1366.3663663663663,-1.3675344314330369,-0.5013582703844568,0.8524790913070871
1369.3693693693692,-1.6345302752053001,-0.4844936338149478,1.034522816861609
1372.3723723723722,-1.6781323625320015,-0.5110262892379642,0.9802050463950928
1375.3753753753754,-2.1193313699628558,-0.6100256101719628,0.8945089626191748
1378.3783783783783,-1.7713668126198574,-0.47689890098848176,1.1295029769836298
1381.3813813813813,-1.8186147950872085,-0.49029365539985853,1.1019433067611857
1384.3843843843842,-1.9756087498696562,-0.6447516011360414,1.063003423853053
1387.3873873873872,-1.9477321765591766,-0.5502563065077042,1.1953668908722404
1390.3903903903904,-1.7330759583134836,-0.6354537617107856,1.2515379157168354
1393.3933933933934,-1.9214033336955798,-0.5918368758044938,1.1689703875802955
1396.3963963963963,-2.133869465507497,-0.5518656749770405,0.9232087437634501
1399.3993993993993,-2.0140127934883223,-0.6139010162082083,1.0943722939884375
1402.4024024024022,-2.0019796613235132,-0.6566458148788962,1.1319359274719678
1405.4054054054054,-2.1036061198814147,-0.7438904882256694,1.1378554467651905
1408.4084084084084,-2.018733733427884,-0.6898162394460448,0.976972674183958
1411.4114114114113,-1.8873652181425224,-0.791209219867125,1.1714578986139785
1414.4144144144143,-2.0086723826339847,-0.663961762977392,1.0837046351690063
1417.4174174174173,-2.3719698116878605,-0.7361838671206362,1.1600870774641814
1420.4204204204204,-2.2145833250817297,-0.6592850362628473,1.1713801762171108
1423.4234234234234,-2.0594211606967674,-0.6482004351812163,1.4917074390217202
1426.4264264264264,-1.8767995423382688,-0.6875045650022495,1.030798125456655
1429.4294294294293,-1.7570589586798688,-0.7567659030412264,1.0937147555046853
1432.4324324324323,-1.843781255069198,-0.7734026617262036,1.0994426439838394
1435.4354354354352,-1.9252808065667764,-0.8289148603301837,1.1692191670568874
1438.4384384384384,-1.6635673324752283,-0.7986577282495411,0.943441085907909
1441.4414414414414,-1.515757284593282,-0.6991165875493738,0.9690192604798006
1444.4444444444443,-1.9642278740534216,-0.7872336854689015,1.0351773819563246
1447.4474474474473,-1.8060739918484878,-0.8881585678562676,1.2245497326676713
1450.4504504504503,-1.6758552773110191,-0.8231691917006578,1.0220251048184648
1453.4534534534534,-1.6596298698707663,-0.8736798404823389,1.1820047656560322
1456.4564564564564,-1.5889656107395445,-0.9303223259386352,1.0963975341507017
1459.4594594594594,-1.4394985549119437,-0.878408788674123,1.434785166046271
1462.4624624624623,-1.5699863688215676,-0.8722126260564003,1.2345128366191562
1465.4654654654653,-1.6839149873701025,-0.8665864397963429,0.9750692206886276
1468.4684684684685,-1.3441934816825114,-0.8741742660694107,1.2365586633737526
1471.4714714714714,-1.439251983226944,-0.9503202353201211,0.8515987894305587
1474.4744744744744,-1.3268351190528695,-0.7529633708274689,1.304056448798772
1477.4774774774774,-1.7340082706848314,-0.8660296127495578,1.0101488760427895
1480.4804804804803,-1.4954081252738802,-0.9402059735042668,0.9928515232359268
1483.4834834834835,-0.9674417046310895,-0.9518314865343064,1.2207208657137356
1486.4864864864865,-1.545463355976901,-0.9121560777299267,1.251085656685458
1489.4894894894894,-1.5789672885296817,-0.8643491188663697,1.6003106797673714
1492.4924924924924,-1.262085054109698,-0.8237263756703107,1.4312230312017293
1495.4954954954953,-1.0737200650104535,-0.9196695292938034,1.4160728038054742
1498.4984984984985,-1.4109409750630346,-0.98323388549153,1.288600061301938
1501.5015015015015,-1.213147846615055,-0.9156335775926563,1.2919513999453607
1504.5045045045044,-1.1110139375362191,-0.9668272356464366,1.2791564478023767
1507.5075075075074,-1.107044426069857,-0.8543287171075933,0.863751103429819
1510.5105105105104,-0.9613669613319414,-1.053214410527945,1.4455166216244633
1513.5135135135133,-0.7325686489170721,-1.0420452054577263,0.9631179238780472
1516.5165165165165,-0.9641256937524515,-1.1374496167134167,0.8258351591247219
1519.5195195195195,-0.9955648624797533,-1.0447145111158493,1.1244954335866135
1522.5225225225224,-0.6877949711781892,-1.015207851167392,1.3556209158236643
1525.5255255255254,-0.7209331915776317,-0.9830008307636942,1.0726253742637408
1528.5285285285283,-0.9694286260310612,-1.0449307495616873,1.316596113478643
1531.5315315315315,-0.8518759368296279,-1.0926831467441693,1.0629961821975038
1534.5345345345345,-0.7641284669679577,-1.0756615495576023,1.3592296909377435
1537.5375375375374,-0.5821441870374027,-1.118956690210115,1.0076051244483115
1540.5405405405404,-0.6356675324681026,-1.0563017862212303,1.119077138131393
1543.5435435435434,-0.7721142527403524,-1.104553694534534,1.2882598434849948
1546.5465465465466,-0.6400930515607508,-1.0127621989892053,1.150986190546436
1549.5495495495495,-0.8402228892416895,-1.0947677116400165,1.385777525281562
1552.5525525525525,-0.7079827640365419,-1.1156838263421596,1.139737080079063
1555.5555555555554,-0.48494546896256235,-1.2362717854242427,1.351647970052546
1558.5585585585584,-0.6359695086364581,-1.1728459203873653,1.3169402907371657
1561.5615615615616,-0.5084697479855778,-1.0290214141737264,1.1964134473116745
1564.5645645645645,-0.37904728843930774,-1.1808630333717995,1.6641400109294953
1567.5675675675675,-0.6140974381146442,-1.1327838537542327,1.057076238115947
1570.5705705705705,-0.2197103462041902,-1.2107062772362414,1.1636000249172271
1573.5735735735734,-0.7856668390443874,-1.2391499827270982,1.2664670923126422
1576.5765765765764,-0.5747293013726426,-0.9507514470186128,1.279682473079249
1579.5795795795796,-0.24119278982000192,-1.280100259048477,1.0272043485244775
1582.5825825825825,-0.22238752638954795,-1.2355143630461283,1.010913538311176
1585.5855855855855,-0.4743332304268822,-1.2031604031531737,1.1598075513262724
1588.5885885885884,-0.6058268445608037,-1.241724636195431,1.2431585986180378
1591.5915915915914,-0.200844658226698,-1.209791125252634,1.2416172445670801
1594.5945945945946,-0.23628420633328587,-1.0419931285365105,1.3142757412381527
1597.5975975975975,-0.39282736551806846,-1.3370843591444428,1.390354977764052
1600.6006006006005,-0.19461026514178734,-1.2789304294053345,1.2782084114296177
1603.6036036036035,-0.071258459222477,-1.2775134472474816,1.284165886877113
1606.6066066066064,-0.36895083776279947,-1.2740912617027205,1.1229968154466945
1609.6096096096096,-0.3877776696037695,-1.2465061327080895,1.1489077065438835
1612.6126126126126,-0.07379981235660099,-1.2601589644786033,1.1653957243225466
1615.6156156156155,0.009161047491093907,-1.2906550122137987,1.3743832863986036
1618.6186186186185,0.3329824125358651,-1.3547124605466083,1.1698807543085787
1621.6216216216214,-0.12147224853198316,-1.1852061708123234,1.4024223516495398
1624.6246246246246,0.2150661125029135,-1.3111440441744286,1.342074477721509
1627.6276276276276,0.06185985517418968,-1.1736702713985183,1.1648616651893797
1630.6306306306305,0.08466578029810028,-1.2335290114213595,1.449143957952842
1633.6336336336335,0.14268658520606498,-1.3548879809126055,1.1889951487435504
1636.6366366366365,0.210910790134843,-1.266926146698421,1.4474069309296769
1639.6396396396397,0.02569795604107677,-1.1061141402548644,1.41625591100559
1642.6426426426426,0.13872770397241868,-1.294538044243884,1.296984846627704
1645.6456456456456,0.1573437493927113,-1.327823999543327,1.1510771904841106
1648.6486486486485,-0.10771664279328962,-1.3925223364473343,1.069953915674299
1651.6516516516515,0.44017211451048505,-1.2869419331367657,1.0320342082960534
1654.6546546546545,0.2565589491607669,-1.4283551782121984,1.2134665466502244
1657.6576576576576,0.03642479478049523,-1.3885921818741727,1.2243245506102476
1660.6606606606606,0.3275287519515758,-1.3088798771620958,1.0689205842866834
1663.6636636636636,0.026891984077798407,-1.366873310493935,1.089774331209833
1666.6666666666665,0.17123250863040224,-1.3078593239364025,0.983094537193867
1669.6696696696695,0.2960644412249031,-1.395485179536223,1.1630189793517465
1672.6726726726727,0.4843823423511416,-1.2124851304454527,1.0467016678647862
1675.6756756756756,0.5065596052567776,-1.4256799694584557,1.138151868195634
1678.6786786786786,0.39952387702161396,-1.3710123385542652,1.2669225792431384
1681.6816816816815,0.4310251824394153,-1.426869804875118,1.0191418396688048
1684.6846846846845,0.3794141093915041,-1.340730403857179,1.1222624690277738
1687.6876876876877,0.617710617765563,-1.404032742105196,0.7525636396040687
1690.6906906906906,0.5158444880935462,-1.408939068986717,1.2460260363724467
1693.6936936936936,0.5244705825924126,-1.4465314346357674,0.9918349432044768
1696.6966966966966,0.47910850359955465,-1.465551824382162,1.3776803261803463
1699.6996996996995,0.4669509462675355,-1.4532080107567085,1.3323282201802615
1702.7027027027027,0.6746389522115165,-1.4060205259371523,1.2231453408882176
1705.7057057057057,0.6049064141680658,-1.4485348848507393,1.2124834089704284
1708.7087087087086,0.5377237378390098,-1.435372180827812,1.198401984831294
1711.7117117117116,0.35856788915610166,-1.5274887387657303,1.0241094880318706
1714.7147147147145,0.6627412781713039,-1.5342851286446286,1.116459237125246
1717.7177177177175,0.760069689079769,-1.3753771298539075,1.2276665150541959
1720.7207207207207,0.4511533485431973,-1.4363192060502454,1.0986601850184523
1723.7237237237237,0.28702578095162673,-1.4923759332390922,1.0307074298681131
1726.7267267267266,0.7162504183368762,-1.5098221209327656,1.3694078707777932
1729.7297297297296,0.6740529920270111,-1.3870259071654767,1.2672578534075565
1732.7327327327325,0.7120563102750286,-1.3935224736883263,0.9328228930966431
1735.7357357357357,0.7972910670712419,-1.4606080679329367,0.9020989332574901
1738.7387387387387,0.93302862754633,-1.449298187506598,0.7729588315489397
1741.7417417417416,0.588467479356113,-1.425527887064,0.8697561136897731
1744.7447447447446,0.6599843901087272,-1.3804675750450652,0.8679131246015813
1747.7477477477476,0.540193386480589,-1.3544927474752089,0.9008678455494172
1750.7507507507507,0.8466581645477602,-1.4478764159596307,0.9181832580385025
1753.7537537537537,0.7631265616488785,-1.6411986809017094,0.9617085816135045
1756.7567567567567,0.7201074969643921,-1.4811099612395378,1.2308703196520707
1759.7597597597596,0.8376778889190423,-1.5948780355659213,0.9592717783604309
1762.7627627627626,0.5298812330672836,-1.630411499971174,0.629993790078827
1765.7657657657658,0.9027540935055961,-1.4990832256562863,1.017286967825386
1768.7687687687687,0.9375021670761733,-1.494561921630645,1.3422536302314223
1771.7717717717717,1.0460884121357619,-1.5363894959545272,0.9875748598668525
1774.7747747747746,1.144863653031989,-1.499291836403459,1.0869310510372705
1777.7777777777776,0.9982018632655721,-1.5509522979725652,1.149932912211814
1780.7807807807808,0.7940001664169608,-1.5460266684160437,1.0971479908424528
1783.7837837837837,0.8385400110143292,-1.448911260249235,1.0934555848186773
1786.7867867867867,1.1401108878251602,-1.5098328947314705,1.0206224073389512
1789.7897897897897,0.6146131797780935,-1.392899798999766,0.7400476935684748
1792.7927927927926,1.039829578977928,-1.3656713102135736,1.052432398907074
1795.7957957957956,0.9811050001208961,-1.4700038702157439,0.8711268272587928
1798.7987987987988,0.9482598442094637,-1.643705280841064,0.7997447783201304
1801.8018018018017,0.720916808043862,-1.4579404431610214,0.8146011523975121
1804.8048048048047,0.6448953954640574,-1.4525806507475563,0.7848326834601561
1807.8078078078076,1.2281505046626269,-1.62432570327317,0.8738850866127781
1810.8108108108106,1.3528707056141198,-1.5179628532577985,0.69773744145914
1813.8138138138138,1.0800266625271422,-1.5640326769258004,1.044332185546309
1816.8168168168168,1.1431582100338369,-1.4945679395188236,1.15455579652414
1819.8198198198197,0.8592830676262458,-1.5607237783788432,0.9235015274791915
1822.8228228228227,0.9533610249281746,-1.523956070052295,0.8770167030548148
1825.8258258258256,1.0450621758226568,-1.5525919727570159,0.7169868301994101
1828.8288288288288,1.0402561584265002,-1.64612049158109,0.6046538225007331
1831.8318318318318,0.961225082804944,-1.510838050297143,0.7296346604361925
1834.8348348348347,0.889072734924575,-1.5456627502152507,0.7840132717113147
1837.8378378378377,0.8820890472201793,-1.5786024206122184,0.9681431083765359
1840.8408408408407,1.23415347603478,-1.6336421946522341,0.5529519474719696
1843.8438438438438,1.1908993813010107,-1.535433303004664,0.8575678418122624
1846.8468468468468,1.222682579817619,-1.5254151057127772,0.8218787083527321
1849.8498498498498,1.228587337601077,-1.5575213636103258,0.6322994518752375
1852.8528528528527,1.2882216187298892,-1.5374935352145267,0.7209966230272099
1855.8558558558557,0.9808158717145246,-1.5343963187596774,1.019618573675028
1858.8588588588586,1.2533784007768918,-1.6381776556786747,0.9247359336370731
1861.8618618618618,0.9740618565510923,-1.6726752198725023,0.5769797161702962
1864.8648648648648,1.1013420757334436,-1.5788914445361109,0.39767513464750476
1867.8678678678677,1.2886824457376216,-1.5098649611747452,0.6298508767432739
1870.8708708708707,1.1946728730019884,-1.5112284275666386,0.48623345896615144
1873.8738738738737,1.0681557018917631,-1.6467638445928763,0.8112230302549073
1876.8768768768768,1.2723951188253007,-1.6620949369913978,0.7124067161798537
1879.8798798798798,1.224353206436115,-1.660544895031051,0.578906955314126
1882.8828828828828,0.9084329043845001,-1.5085867782783589,0.67959028675474
1885.8858858858857,1.0735626128740259,-1.529758387764872,0.7749512101960818
1888.8888888888887,0.7889061707174468,-1.6673428142192006,0.8997144573547918
1891.8918918918919,0.8748398934993735,-1.4857967729193917,0.5442276286576829
1894.8948948948948,1.043350686365259,-1.6804320414387732,0.46307067211818465
1897.8978978978978,0.9505696966590794,-1.4677447909457861,0.5676911754267523
1900.9009009009008,1.2573369177783185,-1.5833307925533016,0.6222357436009365
1903.9039039039037,1.2634970071134355,-1.5590079526473395,0.43949973794004576
1906.906906906907,0.9997126613182642,-1.5807377458085345,0.42782113288637674
1909.9099099099099,1.082405630369354,-1.5066297029665507,0.335326370808525
1912.9129129129128,1.3263377380522334,-1.7850321242600256,0.588434464884624
1915.9159159159158,1.3131008256887324,-1.6055198504544117,0.49172138646411795
1918.9189189189187,1.0684632892600536,-1.5101263565990803,0.4883325986694392
1921.9219219219217,1.1895605411830383,-1.6748234551027428,0.24412211679511436
1924.9249249249249,1.1138589154139127,-1.5286568544687666,0.4165343182781937
1927.9279279279278,1.3925904673447356,-1.661653945164193,0.575095033807071
1930.9309309309308,1.3076525539697912,-1.5474943714935656,0.49844091225531584
1933.9339339339338,1.0610866703448756,-1.5991386942052659,0.7504636191906436
1936.9369369369367,1.1208649243298083,-1.657124927353474,0.36318624888976453
1939.93993993994,1.0611670779954265,-1.6651361772350377,0.39327679726706843
1942.9429429429429,1.0610688962529589,-1.5702722494818324,0.2574510088918708
1945.9459459459458,0.9135973108997193,-1.6036465306521277,0.8056961749422904
1948.9489489489488,0.8508494930710844,-1.5973933365374584,0.34782744090163104
1951.9519519519517,0.96103488073888,-1.5217699163257894,0.25840919793179623
1954.954954954955,1.0984980561359372,-1.523385378831441,0.3687774804736957
1957.957957957958,0.7822451430395908,-1.5418104662414478,0.22570984375170064
1960.9609609609608,0.8484047080015036,-1.5409554904316236,0.33240545622646195
1963.9639639639638,0.9373568671638358,-1.4863689012970822,0.26505968654697
1966.9669669669668,0.7630773897581462,-1.5387346181087311,-0.03381201358444982
1969.96996996997,1.1523273024457437,-1.6547441310948043,0.22749032939198363
1972.972972972973,1.0652166336972684,-1.4951439090985525,0.14420573112921808
1975.9759759759759,1.0712241662946997,-1.500024711709498,0.12722359501916541
1978.9789789789788,0.8171714156695988,-1.520571289590075,0.5950550143868799
1981.9819819819818,0.7618209048045949,-1.5028488428768918,0.23803184752735101
1984.984984984985,0.8141173202355115,-1.4939506050269684,0.394939273582791
1987.987987987988,0.9686535852080677,-1.5618518440291391,0.21079296253320917
1990.990990990991,0.7729577943296757,-1.5819790830303608,-0.1377570962934852
1993.9939939939939,1.013578643540976,-1.5820147623891234,0.29536025402827737
1996.9969969969968,0.9138872921718142,-1.4626358465462128,0.22857444350155656
1999.9999999999998,1.0000264724706944,-1.5729932607114077,0.005526613435543171
2003.003003003003,0.8320384805227612,-1.5605036424446532,0.15147239355792078
2006.006006006006,0.9659344174814967,-1.4540827147749014,-0.017171941642130293
2009.0090090090089,0.9664706948288074,-1.4602569109341175,0.11615444443138265
2012.0120120120118,1.0123903322256111,-1.6445456542698191,-0.01422694398099085
2015.0150150150148,0.6378679462309284,-1.4402541872012624,-0.07361877281829451
2018.018018018018,0.5544275391180242,-1.4887532247910327,0.2164444525721385
2021.021021021021,0.6484807587700152,-1.5110345398203793,-0.05037935991255481
2024.024024024024,0.9630436305644292,-1.5596849930212677,0.21662674487766756
2027.0270270270269,0.712279504713998,-1.5186574149953056,0.06111221765084015
2030.0300300300298,0.9124323907708627,-1.519599527871332,0.08912931281998256
2033.033033033033,0.7640297475974646,-1.4782500429414225,-0.023082238998283433
2036.036036036036,0.8350595466117028,-1.5219370746616614,-0.16544947620205286
2039.039039039039,0.8766384056192904,-1.5253444048458953,0.043571723927638265
2042.0420420420419,0.5630866904946062,-1.439947772143711,-0.14599411570919732
2045.0450450450448,0.6208974471640495,-1.4786433443036817,-0.23621938265732662
2048.048048048048,0.7511270233930392,-1.4957265842388818,-0.27018412214862525
2051.0510510510508,0.7233045385076988,-1.350102818942073,-0.26094895107772936
2054.0540540540537,0.41441821002369383,-1.565700842761536,-0.2251220570120395
2057.057057057057,0.7435053373791075,-1.4154433914988682,-0.2518088903958579
2060.06006006006,0.2945589431754552,-1.3491411852568853,-0.30358802339697993
2063.063063063063,0.5392545509033063,-1.253343854363413,0.030548264018652866
2066.066066066066,0.514782477366391,-1.495618930557662,-0.038658144292139936
2069.069069069069,0.6733674367449392,-1.4044214552776912,-0.2627828178854174
2072.072072072072,0.647617318738627,-1.4086753798491378,-0.2928272937879239
2075.075075075075,0.523516843449118,-1.4968371646623253,-0.22209386899750377
2078.078078078078,0.6604575485305031,-1.3602951813393678,-0.3536716804233021
2081.081081081081,0.4830619990839816,-1.418825378977533,-0.3468739807409504
2084.0840840840838,0.22339733435070722,-1.4045559489852575,-0.14068398667655393
2087.087087087087,0.2912317452269588,-1.3143413287012973,-0.30189379335301103
2090.09009009009,0.5336509086732535,-1.4826194452261352,-0.5411985707787224
2093.093093093093,0.449477219234069,-1.4167025243137394,-0.47423955340606766
2096.096096096096,0.42654746164265195,-1.5581065621431285,-0.4013095537503192
2099.099099099099,0.4811563424792796,-1.3106291731440214,-0.28714064627739116
2102.102102102102,0.34806683760552787,-1.4972966396364376,-0.31009889481890907
2105.105105105105,0.06842787978082715,-1.2978460953836186,-0.41939103006540396
2108.108108108108,0.4287621334275603,-1.369534651267084,-0.5438627604472668
2111.111111111111,0.5750116062257121,-1.4203621737525627,-0.4423132365408538
2114.114114114114,0.4084852941231034,-1.3263168797519977,-0.32116489859962716
2117.117117117117,0.059398984880180944,-1.352964454111867,-0.2857662704726302
2120.12012012012,0.052289059711521674,-1.3300776516759247,-0.4137117455884215
2123.123123123123,-0.06771879494162239,-1.2812309379414584,-0.829398225005293
2126.126126126126,0.21238168961896903,-1.3201637708423324,-0.48344333133210987
2129.129129129129,0.14605190973545176,-1.243198650623594,-0.6507281264460442
2132.132132132132,-0.058985615051988155,-1.3220838297160677,-0.5492504123853339
2135.135135135135,0.14122826101083527,-1.3182117156552398,-0.7547776126635183
2138.138138138138,-0.06065401392018771,-1.3196499507229493,-0.8106015870131472
2141.141141141141,0.06155071504562056,-1.240983300367747,-0.6255770486670374
2144.144144144144,0.1196547527853307,-1.2199871448381108,-0.7752614375683903
2147.147147147147,-0.25782115650568016,-1.1765481557879427,-0.7903309820946913
2150.1501501501502,0.34495696953596905,-1.3158574553254991,-0.7586256476651397
2153.153153153153,-0.3286673261528819,-1.147819865851523,-0.828253814183834
2156.156156156156,-0.16699599044778135,-1.2328271481491697,-0.5307982638121984
2159.159159159159,0.00686623838639681,-1.2396579124429579,-0.6447424611522966
2162.162162162162,-0.31671008192745786,-1.1912943298659617,-0.854835518818078
2165.165165165165,-0.3106272484800446,-1.1236399888169575,-1.0483588178270613
2168.168168168168,-0.06063441564187901,-1.2575702423017445,-0.811632179637458
2171.171171171171,-0.18903496549397053,-1.2968749884871,-0.8239151650744427
2174.174174174174,-0.38327478230818596,-1.079631576555068,-0.6852301291624545
2177.177177177177,-0.3967277761766995,-1.1041906366720928,-1.0008564126347312
2180.18018018018,-0.12309035918837105,-1.1691466844589113,-1.027714382220877
2183.1831831831832,-0.036168180688767,-1.2322949930820846,-0.8191236331518149
2186.186186186186,-0.13015868813973017,-1.1862339765025645,-1.140572767233904
2189.189189189189,-0.676802022424563,-1.1465542232957726,-0.8883499544287496
2192.192192192192,-0.5060697666622465,-1.2269592187426004,-0.9792876504520254
2195.195195195195,-0.793262157919911,-1.1650069910149228,-0.875549543343413
2198.198198198198,-0.6327800971250137,-1.2235600334890189,-1.0347841158579565
2201.201201201201,-0.5692947364402021,-1.1954311521640675,-0.7994282513666112
2204.204204204204,-0.4399036927720636,-1.211830765248611,-0.9045178931155018
2207.207207207207,-0.314183274146311,-1.158099601100867,-0.9081622008980412
2210.21021021021,-0.7675843491373817,-1.084941081491053,-0.8206978581524774
2213.2132132132133,-0.7432611020049457,-1.005852943370992,-1.1068017613881633
2216.2162162162163,-0.675507721380355,-1.0991842430742762,-0.9551865944244878
2219.219219219219,-0.44885942188263817,-1.2201061846137593,-1.2146116880514348
2222.222222222222,-0.9255948811682969,-0.9411114470244183,-1.057277575726947
2225.225225225225,-0.8850269764005737,-1.1997898746183338,-1.0208627099734633
2228.228228228228,-0.7263114170209765,-1.1979995532839833,-1.5404564685609354
2231.231231231231,-0.45651118424595993,-0.9344875996162824,-1.1944507824589385
2234.234234234234,-0.9730062221418434,-1.1612309315114613,-1.108901189280585
2237.237237237237,-0.730693403902223,-1.1063826289709289,-1.2144196697822025
2240.24024024024,-1.0127437552319118,-1.086684940100061,-1.5865208074247605
2243.243243243243,-0.7580467688579582,-1.2401519298238943,-1.249044100771521
2246.2462462462463,-1.0544559041866917,-1.0979283059106544,-1.0259473610040064
2249.2492492492493,-0.9837233195794153,-1.093130055977693,-1.0725201041554628
2252.252252252252,-1.0806892028257202,-1.1116378852494684,-0.9512223609433506
2255.255255255255,-0.9138613062268021,-1.0036932471062956,-1.3301238873811552
2258.258258258258,-1.088328808677721,-1.0045470606216678,-1.3940507938931943
2261.261261261261,-0.8640130921861007,-0.9683979692842292,-1.321186881612627
2264.264264264264,-1.0585336787521327,-0.9686869920226706,-1.1274259026799183
2267.267267267267,-1.3079197732819734,-0.9907542859246639,-1.3891036071057274
2270.27027027027,-1.064556149724229,-0.8897956072242466,-1.5648405148775353
2273.273273273273,-1.4580370359656276,-0.9467452838359847,-1.3104771456266
2276.2762762762763,-1.3756121391336376,-0.8295826850294563,-1.3009837822067682
2279.2792792792793,-1.3016053962251843,-0.8751344651097602,-1.4956808955965066
2282.2822822822823,-1.6314487998307352,-0.9226500293198437,-1.4468954879240956
2285.285285285285,-1.2720724439719986,-1.010638560921417,-1.536561551791364
2288.288288288288,-1.5239955816178796,-0.9112757154727729,-1.6403788989559782
2291.291291291291,-1.4325054050252666,-1.137559026594787,-1.5847099472071684
2294.294294294294,-1.6349266506379885,-0.920700711950636,-1.7290105474469388
2297.297297297297,-1.256904314333801,-0.8506736884483383,-1.5133587725250435
2300.3003003003,-1.6369648627374855,-0.8236400207073978,-1.527007969934288
2303.303303303303,-1.7163363588349083,-0.9116896016161454,-1.9643227792435844
2306.3063063063064,-1.410461007830222,-0.8521558665282424,-1.7716236028441563
2309.3093093093094,-1.7019546297147894,-0.8738552318395469,-1.5689558310648528
2312.3123123123123,-1.8652718985488448,-0.7792869864632217,-1.601753134691021
2315.3153153153153,-1.7181893360540863,-0.6602200022843457,-1.799649671716989
2318.3183183183182,-1.5280956526294591,-0.8375224902541292,-1.7261167651131042
2321.321321321321,-1.7584985946553504,-0.851348090521438,-1.637165606250747
2324.324324324324,-1.8645524591112765,-0.7947278006022587,-1.7224201420454524
2327.327327327327,-1.8411343379085297,-0.7677175143200147,-1.5918994815756384
2330.33033033033,-1.918923131683773,-0.7354739479255917,-1.9240693683555525
2333.333333333333,-2.0651239410923576,-0.7286467096340703,-1.5378637850112733
2336.336336336336,-1.6426530282268428,-0.598656220657562,-1.7810267031621454
2339.3393393393394,-1.9563331031298286,-0.7646472796572011,-1.9103466654923686
2342.3423423423424,-1.7961319914632523,-0.7744842934867364,-1.8908674343668197
2345.3453453453453,-1.8548796204657496,-0.7009888947199034,-1.9004819921696048
2348.3483483483483,-2.174146656660738,-0.8021922196171384,-1.78901050867259
2351.3513513513512,-2.0371040594484575,-0.6754696179045666,-1.9473710870088083
2354.354354354354,-2.1161762679793585,-0.7908931406243476,-2.0734089050557065
2357.357357357357,-2.1517053896570193,-0.6817644345540562,-1.950942323612138
2360.36036036036,-2.012878773142038,-0.7025977697083604,-2.1601734407383204
2363.363363363363,-2.1637180162541174,-0.5407612872255904,-2.078335280315917
2366.366366366366,-2.299691510494622,-0.7587010500996376,-2.0993121752191706
2369.3693693693695,-1.825436749558395,-0.5322561727753633,-2.0445083896405025
2372.3723723723724,-1.9674281148099098,-0.6997531080056316,-1.7709013379292757
2375.3753753753754,-1.96757337049765,-0.6818668785140463,-1.790410718042221
2378.3783783783783,-2.048865649322797,-0.47423636014567316,-1.752535147708456
2381.3813813813813,-1.9251770529540964,-0.45973293131553994,-1.7218399184047035
2384.3843843843842,-1.6089865559122725,-0.6195155542504708,-2.122962315132235
2387.387387387387,-1.9423820187068577,-0.6171906030526286,-1.5534148317095915
2390.39039039039,-1.5773224438351607,-0.6615005078801977,-2.160637109904448
2393.393393393393,-1.5848979722320944,-0.42862131892532435,-1.7649019000105202
2396.396396396396,-1.2816924900650426,-0.5965168744970661,-1.8637619545292536
2399.399399399399,-1.6278718648721653,-0.5503765352062031,-1.8968547512827518
2402.4024024024025,-1.5310254801427852,-0.5021966986181101,-1.8199777520979248
2405.4054054054054,-1.8769344155810956,-0.5262924145560783,-1.4369478762017454
2408.4084084084084,-1.4827134853242818,-0.5779576307361988,-1.7753367088720964
2411.4114114114113,-1.3628015060168974,-0.4805025367021997,-1.586575538004657
2414.4144144144143,-1.2855344170105842,-0.5409583905262316,-1.5872891474999644
2417.4174174174173,-1.2252744738779282,-0.5888446189838058,-1.6716115825084825
2420.42042042042,-1.3958443278591846,-0.3116146427943851,-1.5421537940287868
2423.423423423423,-1.2875684146969761,-0.4859974835135221,-1.5732972664685756
2426.426426426426,-1.5520886547573816,-0.4820638962062838,-1.287789426808905
2429.429429429429,-1.498672830151615,-0.35210315138984094,-1.7368466172390438
2432.4324324324325,-1.1985893552421207,-0.46304353924265135,-1.6067879494600454
2435.4354354354355,-1.2363713814358566,-0.36346830320061685,-1.582549870172693
2438.4384384384384,-1.1546853871003797,-0.36990015489957,-1.38256282901714
2441.4414414414414,-1.0988142691449165,-0.46265165895199895,-1.1674632216518879
2444.4444444444443,-1.2632614705025598,-0.29916329486431176,-1.1509352549206275
2447.4474474474473,-1.482780548120802,-0.324770865686354,-1.632558974239099
2450.4504504504503,-0.9591132050212365,-0.22068553244469272,-1.434552636812859
2453.453453453453,-1.2480041072351113,-0.28378290608763,-1.4469493664172612
2456.456456456456,-1.0009628843584841,-0.37806465283702173,-1.5640720518320952
2459.459459459459,-0.8820804859225119,-0.1856955850390596,-1.2030117218372471
2462.462462462462,-1.1360812566255436,-0.3126382136496018,-1.1993220834505383
2465.4654654654655,-1.0809586998309328,-0.14408096388575106,-1.426614179485777
2468.4684684684685,-0.9104234836259617,-0.23994592509164914,-1.2510180632714345
2471.4714714714714,-0.9382212593381939,-0.2949441875856084,-1.3029974205452124
2474.4744744744744,-0.5124511039338652,-0.24660641552442547,-1.1645402400847296
2477.4774774774774,-0.5977546283952815,-0.10981351633833222,-1.4145062773711263
2480.4804804804803,-0.9834122744807413,-0.2879516473687776,-1.2431957215801974
2483.4834834834833,-0.5569819145768671,-0.23068231355550228,-0.9837712788099886
2486.4864864864862,-0.758325380477625,-0.21596677716225574,-1.244022606921597
2489.489489489489,-0.6271160167809553,-0.2164892014393301,-1.3175323065330538
2492.492492492492,-0.7501955925874539,-0.15964862028459448,-1.330166633350451
2495.4954954954956,-0.5364126579409112,-0.0963288332132778,-1.212367651918628
2498.4984984984985,-0.15770905310131653,-0.20341439973173417,-0.9947291995580182
2501.5015015015015,-0.6550253643531264,-0.22759330509651005,-1.0954713174278061
2504.5045045045044,-0.960417640545901,-0.2610986270889382,-1.2905243413980823
2507.5075075075074,-0.49457144365358546,-0.21938501239100688,-0.8853788978985238
2510.5105105105104,-0.6200369904111004,-0.17212103786327637,-1.1497284126939764
2513.5135135135133,-0.40588301202231886,-0.21285805510717287,-1.07917749484986
2516.5165165165163,-0.40047737626463176,-0.0048098391207008475,-0.8885967700959679
2519.5195195195192,-0.474006039624077,-0.07381519815549051,-0.8105308678016097
2522.522522522522,-0.37992568268175864,0.0035169783356385153,-0.9387044738027561
2525.525525525525,-0.030837899670722677,-0.0951124789883966,-1.1804879046942445
2528.5285285285286,-0.345325098260828,-0.08736610049361532,-0.977058663456522
2531.5315315315315,-0.5380647979997565,0.009772916689173941,-0.8876900495013719
2534.5345345345345,-0.22334441965162477,-0.01566645703598463,-0.6612759322646629
2537.5375375375374,-0.3451698947045337,-0.09537634610119654,-0.9580204148024326
2540.5405405405404,-0.2665528348301041,-0.029261747443417356,-0.9587204104029776
2543.5435435435434,-0.3779404953994595,-0.10846290329285244,-0.7378144565606728
2546.5465465465463,0.011434423489127155,-0.05877598227939064,-0.8835542954051562
2549.5495495495493,-0.08759998061758811,0.04536522168544861,-0.9246379147573852
2552.5525525525522,-0.32389704531104757,-0.09682665798162654,-0.9378448388459871
2555.555555555555,-0.399734996028881,0.11328366462925818,-0.6490340763818943
2558.5585585585586,-0.04127972655689097,-0.09709606817511751,-0.559844784628782
2561.5615615615616,-0.14076857351038277,0.17914075838153468,-0.8646480292396174
2564.5645645645645,-0.050163948738576256,0.08713017464203815,-0.7751036971312222
2567.5675675675675,-0.06543393347734355,-0.021990240534804664,-0.5847713332487049
2570.5705705705705,-0.2017966329932049,0.056192707588806366,-0.6991394861500978
2573.5735735735734,0.12936427012405602,-0.03664218924551009,-0.5616346412132271
2576.5765765765764,0.007600367967241913,0.08590893611730102,-0.5549990780162851
2579.5795795795793,0.029302612590873026,0.11778930894296638,-0.914292274850962
2582.5825825825823,0.24646848044513078,0.030847899642655482,-0.7639888915721732
2585.5855855855852,0.24956930661835486,0.09906547709060431,-0.6999889197738585
2588.588588588588,-0.049547072674218956,0.13660386998106852,-0.3381853037606572
2591.5915915915916,0.33953182865231574,0.15701958849719302,-0.5789357271520744
2594.5945945945946,0.5344689134500855,0.202507726634034,-0.8705142404985355
2597.5975975975975,0.07920066244020198,0.23010005817493864,-0.20643532397860448
2600.6006006006005,0.3419583424551619,0.1215943594193917,-0.21553364144460155
2603.6036036036035,0.5726385810167527,0.2535203007742622,-0.477751794208749
2606.6066066066064,-0.03423825470871624,0.3391664947768497,-0.3520662183967231
2609.6096096096094,0.1884108341943935,0.17642800804891132,-0.3885552429951144
2612.6126126126123,0.2896537892059948,0.33461226385793125,-0.28939144916801596
2615.6156156156153,0.3611404522649421,0.18188988766880007,-0.43807183449212905
2618.6186186186183,0.2898038502598373,0.24208699384341667,-0.17456156615461296
2621.6216216216217,0.5288933920248826,0.2878101380225744,-0.39093374090220623
2624.6246246246246,0.32233569410166524,0.31038854915287356,-0.14163363200500842
2627.6276276276276,0.5968437183958634,0.3540927798641091,-0.29707399220498387
2630.6306306306305,0.09803343294061209,0.2868221680781827,-0.4526545898881963
2633.6336336336335,0.48717559442152875,0.22874320589884028,-0.1492209368561532
2636.6366366366365,0.4896291991841307,0.24215385034233777,-0.29557854480195295
2639.6396396396394,0.6853928869997326,0.36437630341735056,-0.45041279201977513
2642.6426426426424,0.4304301542460068,0.28903129540953043,-0.583357511278965
2645.6456456456453,0.7046248850955108,0.3588492944594113,0.029220842993149178
2648.6486486486483,0.6597831378130722,0.24499828135142454,-0.39506121547474776
2651.6516516516517,0.6866426633586166,0.35256394788767725,-0.12177278188821485
2654.6546546546547,0.46376123382917406,0.35759441936070185,-0.3381684105529996
2657.6576576576576,0.8614737871982565,0.38407448253180676,-0.0022570834748212236
2660.6606606606606,0.4594068724979132,0.4298045574677817,0.059001733770612075
2663.6636636636636,1.2755768784231025,0.35557313273906305,-0.02512419006608023
2666.6666666666665,0.4266018025436848,0.41486164801500264,0.04765786625957984
2669.6696696696695,0.44271904775630877,0.31871824183830194,0.022222122107086153
2672.6726726726724,0.7605247687986892,0.41084433065089865,-0.0022144676351216756
2675.6756756756754,0.8780591772607844,0.42448592846010214,-0.021560724750543388
2678.6786786786784,0.8768495419065034,0.5302797169964232,0.06375587259141158
2681.6816816816813,0.7825942485384,0.5210787478936748,-0.1036680623983649
2684.6846846846847,0.7113587162976444,0.4774838932486467,-0.015113062527953747
2687.6876876876877,0.6135082669614547,0.48660837936677126,-0.14553612901213972
2690.6906906906906,0.9506860510264282,0.5582413159324611,-0.050447338791668794
2693.6936936936936,0.9798448040234602,0.5618146971239403,-0.24712464399991327
2696.6966966966966,0.8013024725269666,0.6210650486006902,0.13640146094558112
2699.6996996996995,0.7972587059971259,0.4978792858560907,0.1369771389319784
2702.7027027027025,0.8159706117100913,0.49761672536067725,-0.0888111959082304
2705.7057057057054,0.8734957720429679,0.714451321633468,0.3786881013739815
2708.7087087087084,1.0447140268881117,0.5222545356764656,0.0641400045482077
2711.7117117117114,0.7944177512266107,0.6004702702876151,0.0405924963620649
2714.714714714715,0.83162850846829,0.5577865889039032,-0.07931617201153945
2717.7177177177177,0.7422677741707276,0.5682499866262193,0.17592336136098505
2720.7207207207207,1.0720146676984983,0.6059572902868217,0.20869745146380866
2723.7237237237237,0.8803407243366819,0.6357713444197549,0.3132268776097827
2726.7267267267266,0.9502879094914174,0.6062011957955105,-0.0320000989307456
2729.7297297297296,1.3021912375338376,0.5575588392094398,0.05895107903487761
2732.7327327327325,0.9889289886345948,0.6214471899599987,0.3514930170251776
2735.7357357357355,1.051831101387925,0.5598479415267583,0.44187049049589955
2738.7387387387384,1.1702913003406055,0.7692747044673484,-0.02422389880900737
2741.7417417417414,0.9561696594020921,0.691390266794797,0.10992862955623889
2744.7447447447444,1.130763521711415,0.6958460416552301,0.23316052811489477
2747.747747747748,1.2215697656197118,0.7708431534666393,0.34056521827506425
2750.7507507507507,0.9411636182457541,0.6751559400521242,0.10566759681441304
2753.7537537537537,1.0515400530920538,0.7441184099015236,0.11674318713185944
2756.7567567567567,1.0831132985147562,0.6436204477311008,-0.07809360808302601
2759.7597597597596,1.2478943564758505,0.7058532697010675,0.1351165149399953
2762.7627627627626,1.0591572431102358,0.7110194403132624,0.1272858138558747
2765.7657657657655,1.3469227350792448,0.7301174079633934,0.5144239726773626
2768.7687687687685,1.1166527136859123,0.7458728889168403,0.42525333029844975
2771.7717717717715,1.3896179396918384,0.8273609540685525,0.46043545918339523
2774.7747747747744,0.931667835784286,0.7830885600199743,0.3014223494693317
2777.777777777778,1.1180416156751205,0.6932125351413571,0.2973570113350842
2780.780780780781,0.9426538348754937,0.6584768771249142,0.5637392991506259
2783.7837837837837,1.1797635233199943,0.73801503595659,0.4295056063860709
2786.7867867867867,1.0554071342641131,0.6488959024730163,0.6481921293629407
2789.7897897897897,1.3835278726771083,0.7060973595294264,0.5025506381176555
2792.7927927927926,1.103961662137315,0.8788928060592159,0.31595016119718244
2795.7957957957956,1.2016160899711579,0.7647095559772388,0.40114110486556004
2798.7987987987985,0.9986134392069101,0.9123421888984201,0.5311414506234264
2801.8018018018015,0.9673162507939324,0.8049049675835334,0.3850772872730456
2804.8048048048045,1.093778526823353,0.877919652538167,0.561870026298423
2807.8078078078074,1.208649781641416,0.695021682342218,0.2980355060466679
2810.810810810811,1.1593336967925785,0.9396519061621741,0.7152921154617273
2813.813813813814,1.0210908378321226,0.8155536895499955,0.6062095842511795
2816.8168168168168,1.1197053142866924,0.928026932136801,0.6727055828856531
2819.8198198198197,0.8235221195813223,0.9225105803292194,0.5322723150301645
2822.8228228228227,0.9953797590863465,0.9082419374550726,0.4255359588553742
2825.8258258258256,1.1644800420638437,0.8852178098663488,0.5491734850179695
2828.8288288288286,1.1640832335875202,0.8467266493782258,0.14335289583650312
2831.8318318318316,1.2461581403602489,0.9056531441191832,0.6920677285390529
2834.8348348348345,0.7577396851793975,0.8058058693120408,0.3964390189627197
2837.8378378378375,0.9418477836877656,0.9915386455005222,0.7002049362112333
2840.840840840841,0.9546162636502996,0.967174555550432,0.5457133946436588
2843.843843843844,1.0036030503570146,0.9106642473344122,0.6457260459717274
2846.846846846847,0.9920764128689465,0.9459250268922527,0.43751655828064595
2849.8498498498498,1.2249891049630597,0.8379795509715781,0.7163458802993963
2852.8528528528527,1.0953437750883785,0.9667218748411647,0.8792039555873443
2855.8558558558557,1.091166467289798,0.9721756083525338,0.8565391582818016
2858.8588588588586,1.234917831135918,0.8736846942230586,0.6763135790166569
2861.8618618618616,1.1368533955869151,0.9731221436414498,0.6057233251507395
2864.8648648648646,1.2380078369587584,0.8489560101978239,0.9092729717498522
2867.8678678678675,1.1115590934194188,0.9645656052149502,0.8434173122798552
2870.8708708708705,0.9094948439884312,1.018427705153925,0.6135776350771086
2873.873873873874,1.1786949962765692,0.9414523161719421,0.5806878515863452
2876.876876876877,0.9491321029180368,1.1747337723764084,0.7536045981317097
2879.87987987988,0.851184896439369,0.8184627098921039,0.9530660645148156
2882.8828828828828,1.155115720341297,1.03317122100937,1.170394427476631
2885.8858858858857,1.242140127275424,1.086964283330141,0.739107282489493
2888.8888888888887,0.5588654141302,1.0230931253268634,0.7231717395217169
2891.8918918918916,1.261599521927591,1.1616997739868433,0.7640671095258471
2894.8948948948946,0.7581572950178342,1.0243156313119715,0.8497288932788633
2897.8978978978976,0.8517980277398958,1.1135694177143205,0.9810552016744352
2900.9009009009005,1.0051168099406906,1.0413273386912196,0.9391533539114313
2903.903903903904,1.0134217417214793,1.153428006997139,0.56164069258613
2906.906906906907,0.8832628122194969,1.0496020317825567,0.9042353017277779
2909.90990990991,0.8898328100288679,1.0804971015755807,0.8399757424019098
2912.912912912913,0.8727713307476631,1.134568046708789,0.7931226153054072
2915.915915915916,0.9193004123753232,1.1963456742658938,0.7815065152308724
2918.9189189189187,0.9461325613239786,1.1438316550121408,1.1207045982087658
2921.9219219219217,1.1409183733305643,1.0909386738311992,0.9547406367444503
2924.9249249249247,0.8135303256566498,1.0824687182911021,1.1530106068269361
2927.9279279279276,0.9145956698595512,1.1389866727706128,1.1515380187332498
2930.9309309309306,0.8687367276383856,1.1890860921403326,0.8748835831359786
2933.933933933934,0.7499220532636844,1.224251900202402,1.0179695315354802
2936.936936936937,0.8968464329906302,1.1757261322982244,1.2031693460512067
2939.93993993994,1.153516791725043,1.2431258465739732,0.7935600997173954
2942.942942942943,0.7079915660882772,1.1206617920946176,0.7693052610537308
2945.945945945946,0.9584253253609618,1.0922576006424478,1.2106198854844001
2948.948948948949,0.8290144665860267,1.1721599948635986,0.7275142474250573
2951.9519519519517,0.7502252402500317,1.0470071501284102,1.3419932253871978
2954.9549549549547,0.5803709061878257,1.1594981127839643,1.0011196306995385
2957.9579579579577,0.713957840553056,1.2398746904326086,1.0721947341440878
2960.9609609609606,0.5144524806144619,1.2324573875217621,0.8793194712948241
2963.9639639639636,0.7066614417352877,1.1003494288659763,1.032135090535882
2966.966966966967,1.1297462133663845,1.2402783144412395,1.013171723970888
2969.96996996997,0.6005801835545692,1.1377240932661594,0.9451936055880351
2972.972972972973,0.6621940077319061,1.1844561070450592,0.7962627164204656
2975.975975975976,0.9148326838008751,1.2905336243517864,1.0264369533050195
2978.978978978979,0.8028409816889502,1.2551637716155222,1.1556367468095237
2981.981981981982,0.4362996687878699,1.1354828077376304,0.8890440564320835
2984.9849849849847,0.24028348470927338,1.3331183237498017,1.0431459557240585
2987.9879879879877,0.5113589705148068,1.1983271942869131,0.939788857017545
2990.9909909909907,0.6689872805550374,1.1294659381691539,0.7420614342878332
2993.9939939939936,0.7545702389137061,1.1879106682323293,1.0087948528925288
2996.996996996997,0.8797586459036737,1.1316974877944037,1.1426653327176903
3000.0,0.8945687013731932,1.2769162917199013,1.1333717071796245
